Date,tempHigh,tempAvg,tempLow,humidityHigh,humidityAvg,humidityLow,SLPhigh,SLPavg,SLPlow,visibilityHigh,visibilityAvg,visibilityLow,windHigh,windAvg,sum,Event
01-01-2014,-4,-7,-10,93,85,69,1027,1024,1021,16,5,1,34,21,0.51,"Fog , Snow"
02-01-2014,-6,-10,-15,93,78,57,1031,1024,1019,16,6,0,37,23,0.25,"Fog , Snow"
03-01-2014,-7,-13,-19,83,68,52,1033,1027,1015,16,16,11,40,19,0,
04-01-2014,1,-3,-7,100,82,56,1016,1014,1011,16,8,1,40,20,2.03,"Fog , Snow"
05-01-2014,-1,-9,-18,93,82,56,1019,1016,1012,16,3,1,48,30,0.51,"Fog , Snow"
06-01-2014,-18,-22,-26,71,62,47,1028,1025,1019,16,14,8,47,29,0,
07-01-2014,-15,-19,-24,80,68,45,1030,1028,1027,16,16,16,29,16,0,
08-01-2014,-9,-14,-19,91,70,38,1035,1032,1028,16,16,16,11,5,0,
09-01-2014,-2,-9,-17,93,84,67,1036,1029,1022,16,8,2,21,8,T,Snow
10-01-2014,6,2,-2,100,97,92,1022,1013,1000,11,3,1,32,16,21.84,"Fog , Rain , Snow , Thunderstorm"
11-01-2014,5,2,-1,100,90,67,1009,1001,996,16,10,1,35,20,1.78,"Fog , Rain"
12-01-2014,7,3,-2,89,75,54,1013,1009,1003,16,16,11,39,24,0,
13-01-2014,8,3,-2,82,71,49,1009,1004,1001,16,16,16,37,20,0,
14-01-2014,2,-2,-6,92,77,52,1013,1008,1003,16,13,2,52,25,T,Snow
15-01-2014,-6,-7,-9,85,69,56,1020,1017,1013,16,15,6,29,18,T,Snow
16-01-2014,2,-2,-7,93,76,41,1011,1003,999,16,12,3,42,25,T,Snow
17-01-2014,-6,-8,-11,81,70,51,1017,1013,1007,16,12,2,27,19,T,Snow
18-01-2014,-6,-9,-12,93,84,67,1015,1011,1007,16,8,1,23,12,1.02,"Fog , Snow"
19-01-2014,4,-4,-12,92,76,59,1013,1007,1001,16,15,8,42,23,0,
20-01-2014,3,-2,-7,93,81,65,1018,1013,1003,16,10,1,39,16,T,"Fog , Snow"
21-01-2014,-7,-12,-17,92,69,35,1027,1024,1018,16,11,0,42,21,0,Snow
22-01-2014,-9,-13,-17,79,70,46,1024,1017,1012,16,10,2,40,19,T,Snow
23-01-2014,-12,-16,-19,69,59,41,1038,1034,1025,16,16,16,35,21,0,
24-01-2014,-2,-12,-21,89,70,40,1036,1014,999,16,11,2,52,29,T,Snow
25-01-2014,1,-7,-14,93,64,27,1013,1003,995,16,12,2,53,27,0.25,Snow
26-01-2014,0,-7,-14,86,73,46,1011,1002,995,16,9,0,52,24,2.54,"Fog , Snow"
27-01-2014,-14,-18,-22,67,58,40,1033,1026,1013,16,16,11,42,23,0,Snow
28-01-2014,-16,-19,-24,78,63,41,1034,1031,1027,16,16,16,29,16,0,
29-01-2014,-6,-11,-17,72,54,28,1026,1023,1018,16,16,16,34,19,0,
30-01-2014,1,-3,-7,93,70,44,1017,1010,1005,16,12,0,52,28,T,"Fog , Snow"
31-01-2014,-2,-4,-7,93,72,50,1023,1020,1015,16,13,2,21,7,0.51,Snow
01-02-2014,0,-2,-5,100,89,78,1020,1015,1010,11,4,1,23,13,5.08,"Fog , Snow"
02-02-2014,-5,-9,-14,83,68,40,1028,1025,1021,16,15,11,24,11,0,
03-02-2014,-6,-11,-17,88,64,27,1031,1030,1028,16,16,14,16,7,0,
04-02-2014,-4,-8,-12,93,75,46,1032,1026,1019,16,10,1,35,10,0.51,Snow
05-02-2014,-4,-8,-13,93,81,63,1032,1023,1016,16,5,0,40,23,0.51,Snow
06-02-2014,-11,-14,-18,85,72,45,1033,1032,1029,16,14,10,32,18,T,Snow
07-02-2014,-12,-16,-19,79,66,38,1032,1031,1030,16,16,16,34,17,0,
08-02-2014,-8,-11,-14,88,79,61,1029,1024,1020,16,7,0,16,7,1.78,"Fog , Snow"
09-02-2014,-7,-10,-14,88,73,46,1028,1024,1020,16,14,10,26,13,T,Snow
10-02-2014,-11,-14,-19,73,58,28,1035,1031,1028,16,16,16,24,12,0,
11-02-2014,-9,-14,-20,79,62,36,1036,1034,1031,16,16,16,16,9,0,
12-02-2014,-5,-11,-17,84,65,38,1031,1024,1018,16,16,16,19,8,0,
13-02-2014,-1,-5,-9,78,63,35,1018,1007,1000,16,14,2,29,14,T,Snow
14-02-2014,-6,-8,-11,77,68,49,1016,1009,1004,16,16,14,29,15,T,Snow
15-02-2014,-4,-9,-14,86,71,53,1021,1018,1014,16,12,1,23,10,0.25,Snow
16-02-2014,-2,-5,-8,88,73,48,1027,1022,1014,16,12,6,27,15,T,Snow
17-02-2014,-2,-3,-6,96,84,65,1026,1013,1005,16,5,0,35,18,9.65,"Fog , Snow"
18-02-2014,7,1,-5,88,70,41,1015,1010,1004,16,14,8,39,18,0,
19-02-2014,7,4,0,82,69,34,1016,1012,1005,16,16,13,24,12,0,
20-02-2014,11,6,2,100,94,71,1014,1000,990,16,7,0,71,21,19.56,"Fog , Rain , Thunderstorm"
21-02-2014,3,1,-2,87,65,34,1011,1004,995,16,13,2,63,37,T,Snow
22-02-2014,2,-2,-5,63,50,32,1019,1016,1012,16,16,16,27,18,0,
23-02-2014,-2,-5,-9,62,52,32,1025,1023,1019,16,16,16,34,19,0,
24-02-2014,-4,-7,-11,71,56,32,1027,1026,1025,16,16,16,34,19,0,
25-02-2014,-4,-9,-14,68,57,35,1026,1024,1022,16,16,16,27,19,T,Snow
26-02-2014,-7,-12,-17,66,54,29,1026,1018,1005,16,16,16,45,25,0,
27-02-2014,-7,-11,-14,74,42,14,1025,1018,1006,16,15,3,47,21,T,Snow
28-02-2014,0,-7,-14,70,51,32,1025,1021,1017,16,16,16,29,14,0,
01-03-2014,0,-6,-11,92,78,45,1029,1024,1017,16,6,0,27,15,0.76,"Fog , Snow"
02-03-2014,-9,-12,-15,85,64,27,1033,1030,1027,16,12,1,27,19,0.25,Snow
03-03-2014,-7,-12,-17,80,62,35,1035,1033,1030,16,13,2,26,9,T,Snow
04-03-2014,-3,-7,-11,67,55,30,1030,1026,1024,16,16,10,19,11,T,Snow
05-03-2014,-4,-6,-7,93,78,57,1032,1029,1025,16,9,1,27,21,0.25,Snow
06-03-2014,0,-4,-9,74,64,46,1032,1027,1020,16,16,16,19,11,0,
07-03-2014,8,1,-7,85,65,34,1020,1016,1013,16,13,8,26,11,T,
08-03-2014,4,-1,-5,92,81,66,1026,1022,1016,16,11,1,35,18,0.25,Snow
09-03-2014,6,0,-6,92,72,51,1026,1020,1009,16,14,6,35,19,0,
10-03-2014,12,9,5,82,64,43,1009,1006,1005,16,15,11,34,21,0,
11-03-2014,11,6,1,93,77,48,1008,1006,1004,16,14,1,42,17,9.4,"Rain , Snow"
12-03-2014,1,-3,-8,100,79,46,1021,1012,1005,16,11,0,48,26,3.3,"Fog , Snow"
13-03-2014,4,-3,-10,89,73,46,1023,1019,1012,16,16,16,29,11,0,
14-03-2014,12,8,3,79,62,36,1011,1007,1003,16,16,16,47,26,0,
15-03-2014,4,1,-2,93,71,44,1026,1020,1011,16,14,3,39,20,T,Snow
16-03-2014,-2,-4,-7,75,61,41,1030,1027,1023,16,15,10,48,32,T,Snow
17-03-2014,4,-1,-7,79,54,25,1022,1015,1011,16,16,16,23,14,0,
18-03-2014,11,5,-1,85,66,42,1013,1010,1006,16,16,13,37,17,0,
19-03-2014,8,5,2,100,85,59,1016,1007,1002,16,12,5,39,20,9.91,Rain
20-03-2014,9,4,-1,92,68,26,1019,1017,1016,16,14,3,32,13,T,Snow
21-03-2014,14,8,1,92,68,41,1017,1012,1005,16,13,5,40,19,T,"Rain , Snow"
22-03-2014,6,2,-2,79,59,34,1027,1021,1011,16,16,16,39,20,T,
23-03-2014,-1,-3,-6,72,56,35,1032,1030,1028,16,14,2,29,15,T,Snow
24-03-2014,3,-2,-7,74,50,15,1030,1026,1020,16,16,16,23,10,0,
25-03-2014,-1,-3,-6,88,62,24,1026,1020,1016,16,12,1,37,22,T,Snow
26-03-2014,4,-2,-8,62,43,23,1029,1024,1017,16,16,16,35,17,0,
27-03-2014,12,7,2,100,80,37,1016,1007,997,16,14,10,47,29,3.05,"Rain , Thunderstorm"
28-03-2014,13,7,1,97,82,67,1023,1012,997,16,14,4,50,20,1.02,Rain
29-03-2014,5,2,-2,89,70,38,1025,1023,1021,16,15,10,32,17,0,
30-03-2014,14,5,-4,79,53,21,1026,1022,1018,16,16,16,27,11,0,
31-03-2014,20,13,7,63,40,12,1018,1013,1007,16,16,16,47,25,0.76,"Rain , Thunderstorm"
01-04-2014,14,8,1,69,54,33,1019,1012,1005,16,16,16,52,30,0,
02-04-2014,7,5,2,73,61,45,1022,1021,1018,16,16,16,29,17,T,Rain
03-04-2014,6,4,3,100,93,67,1017,1011,1005,16,7,2,42,21,27.43,"Rain , Thunderstorm"
04-04-2014,8,5,2,100,83,53,1016,1003,998,16,11,0,48,26,0.25,"Fog , Rain"
05-04-2014,9,5,1,76,49,19,1024,1022,1017,16,16,16,26,13,0,
06-04-2014,13,8,2,60,45,26,1022,1019,1014,16,16,16,23,11,0,
07-04-2014,13,8,3,76,52,25,1014,1007,1003,16,16,16,32,13,0,
08-04-2014,14,9,4,93,68,41,1014,1008,1004,16,14,10,26,9,0.51,Rain
09-04-2014,17,10,2,82,48,17,1017,1014,1011,16,16,13,34,15,0,
10-04-2014,18,12,7,63,47,28,1013,1009,1006,16,16,16,39,18,0,
11-04-2014,21,13,5,63,32,9,1017,1015,1014,16,16,16,32,9,0,
12-04-2014,27,19,11,63,43,21,1016,1010,1005,16,16,16,50,23,0,
13-04-2014,22,15,8,100,83,56,1008,1004,997,16,12,2,47,23,11.43,Rain
14-04-2014,18,9,-1,96,86,65,1016,1007,994,16,10,1,48,26,4.06,"Rain , Snow"
15-04-2014,3,1,-3,93,61,27,1024,1020,1015,16,16,14,29,16,T,Snow
16-04-2014,11,6,-1,67,46,22,1028,1024,1021,16,16,16,40,23,0,
17-04-2014,17,12,6,59,47,32,1024,1022,1021,16,16,16,32,19,0,
18-04-2014,11,7,4,80,65,47,1029,1027,1024,16,16,14,27,15,0,
19-04-2014,18,11,3,79,55,29,1029,1027,1024,16,16,16,26,15,0,
20-04-2014,26,17,8,46,34,16,1024,1021,1016,16,16,16,26,16,0,
21-04-2014,26,21,15,96,61,36,1016,1011,1009,16,13,3,39,15,12.95,"Rain , Thunderstorm"
22-04-2014,16,10,4,94,57,37,1019,1014,1009,16,16,8,39,20,0,
23-04-2014,11,7,3,73,54,30,1023,1021,1017,16,16,16,27,17,0.51,Rain
24-04-2014,18,12,5,79,48,19,1019,1012,1003,16,16,11,42,22,0.25,Rain
25-04-2014,21,14,8,96,59,19,1010,1007,1003,16,15,8,40,18,6.1,Rain
26-04-2014,16,10,4,76,60,39,1017,1015,1010,16,16,16,37,23,0.25,Rain
27-04-2014,16,11,6,82,59,32,1017,1014,1010,16,16,11,47,26,0.76,"Rain , Thunderstorm"
28-04-2014,14,12,8,92,77,43,1011,1004,1001,16,13,4,50,26,12.19,"Rain , Thunderstorm"
29-04-2014,19,15,10,100,80,43,1004,1000,997,16,11,1,42,16,2.79,"Rain , Thunderstorm"
30-04-2014,12,10,8,96,78,62,1009,1007,1005,16,14,2,34,17,3.05,Rain
01-05-2014,10,8,6,93,83,71,1010,1008,1006,16,15,10,40,23,2.29,Rain
02-05-2014,13,11,8,93,77,57,1010,1009,1006,16,16,13,27,19,1.02,Rain
03-05-2014,20,15,9,80,50,20,1011,1008,1004,16,16,16,42,23,0,
04-05-2014,16,12,8,52,42,28,1019,1016,1012,16,16,16,27,18,0,
05-05-2014,15,11,7,76,58,34,1017,1015,1014,16,16,16,35,22,0.25,"Rain , Thunderstorm"
06-05-2014,17,12,7,66,49,31,1016,1014,1011,16,16,16,35,22,0,
07-05-2014,27,19,11,67,51,30,1011,1010,1008,16,16,16,32,15,T,"Rain , Thunderstorm"
08-05-2014,34,27,20,73,50,24,1011,1009,1007,16,16,16,53,23,0,
09-05-2014,24,19,14,93,76,35,1011,1007,1005,16,11,1,45,25,36.32,"Rain , Thunderstorm"
10-05-2014,25,18,11,74,46,19,1014,1013,1012,16,16,16,27,11,0,
11-05-2014,29,23,17,90,58,26,1014,1013,1010,16,15,2,45,16,10.41,"Rain , Thunderstorm"
12-05-2014,30,24,18,90,72,54,1012,1010,1008,16,16,8,45,20,0.76,"Rain , Thunderstorm"
13-05-2014,21,17,12,93,80,63,1021,1014,1009,16,15,10,34,17,3.56,Rain
14-05-2014,14,11,7,89,62,41,1022,1019,1015,16,15,5,35,20,1.52,Rain
15-05-2014,14,10,6,93,76,50,1019,1015,1012,16,12,3,45,22,6.6,Rain
16-05-2014,7,6,5,87,77,65,1020,1018,1016,16,16,14,27,15,2.03,Rain
17-05-2014,16,11,5,89,55,21,1022,1020,1019,16,15,10,26,13,0,
18-05-2014,21,15,9,62,43,21,1024,1023,1022,16,16,16,27,15,0,
19-05-2014,22,17,12,59,41,22,1024,1020,1014,16,16,16,42,19,T,Rain
20-05-2014,31,24,17,90,64,38,1014,1011,1009,16,15,4,47,19,16.26,"Rain , Thunderstorm"
21-05-2014,32,26,20,87,57,21,1014,1010,1008,16,15,10,34,13,0.25,
22-05-2014,21,17,12,72,59,39,1020,1018,1014,16,16,16,27,12,0,
23-05-2014,20,16,11,80,60,34,1023,1022,1020,16,16,16,26,10,0,
24-05-2014,23,17,10,74,53,27,1024,1022,1020,16,16,16,21,7,0,
25-05-2014,29,21,12,77,46,17,1021,1019,1016,16,16,16,26,7,0,
26-05-2014,32,26,19,85,60,33,1017,1014,1011,16,15,4,29,12,2.03,"Rain , Thunderstorm"
27-05-2014,29,23,16,93,75,43,1014,1013,1011,16,14,3,37,16,12.7,"Rain , Thunderstorm"
28-05-2014,23,19,14,100,73,40,1018,1015,1012,16,13,2,32,15,17.27,"Rain , Thunderstorm"
29-05-2014,25,19,14,87,69,36,1020,1018,1016,16,16,11,29,16,0,
30-05-2014,26,20,14,75,58,33,1022,1021,1019,16,16,16,24,13,0,
31-05-2014,32,24,16,75,48,24,1023,1020,1017,16,16,16,26,12,0,
01-06-2014,33,27,21,74,49,27,1017,1015,1011,16,16,16,42,19,T,
02-06-2014,29,25,21,87,67,45,1012,1010,1008,16,15,3,60,24,5.08,"Rain , Thunderstorm"
03-06-2014,28,24,21,73,47,27,1014,1012,1010,16,16,16,35,17,0,
04-06-2014,22,18,14,93,75,36,1013,1010,1008,16,14,4,34,18,3.05,Rain
05-06-2014,24,19,13,87,49,14,1015,1014,1013,16,15,11,24,13,0,
06-06-2014,28,20,12,75,39,10,1016,1015,1013,16,16,16,24,9,0,
07-06-2014,29,23,17,84,42,25,1016,1013,1009,16,16,10,26,11,3.05,Rain
08-06-2014,21,17,13,87,62,28,1017,1014,1010,16,15,5,39,25,5.33,Rain
09-06-2014,26,20,13,70,59,46,1016,1014,1013,16,16,16,26,13,0,
10-06-2014,21,18,15,94,80,50,1013,1010,1007,16,9,2,35,15,11.43,Rain
11-06-2014,21,19,17,97,87,71,1007,1006,1004,16,9,3,24,9,5.08,Rain
12-06-2014,28,23,17,100,75,42,1010,1008,1007,16,11,3,35,16,0.25,Rain
13-06-2014,24,19,14,67,47,23,1016,1014,1011,16,16,16,32,12,0,
14-06-2014,27,21,14,60,37,13,1019,1017,1014,16,16,16,27,14,0,
15-06-2014,30,24,18,64,50,34,1015,1012,1009,16,16,16,47,23,T,
16-06-2014,32,27,21,84,58,33,1018,1014,1011,16,16,16,29,14,0,Thunderstorm
17-06-2014,34,30,26,71,58,36,1013,1010,1007,16,16,11,47,22,0,
18-06-2014,29,23,17,93,81,61,1017,1014,1011,16,12,2,50,17,20.32,"Rain , Thunderstorm"
19-06-2014,28,22,16,97,86,62,1019,1017,1015,16,9,2,26,12,9.91,"Rain , Thunderstorm"
20-06-2014,30,24,19,96,80,43,1017,1014,1012,16,12,3,26,14,0.76,"Fog , Rain"
21-06-2014,29,23,17,96,83,45,1016,1013,1010,16,10,1,47,10,18.54,"Rain , Thunderstorm"
22-06-2014,28,23,19,93,80,58,1013,1012,1010,16,13,3,19,9,0,
23-06-2014,29,25,21,93,80,59,1011,1010,1009,16,13,3,21,9,4.06,Rain
24-06-2014,29,26,21,97,80,52,1012,1011,1009,16,14,1,47,9,29.21,"Rain , Thunderstorm"
25-06-2014,26,22,17,93,83,65,1017,1015,1011,16,9,2,26,10,0.51,"Rain , Thunderstorm"
26-06-2014,25,21,16,93,81,55,1019,1017,1016,16,11,5,19,11,0,
27-06-2014,33,25,17,94,68,33,1017,1015,1013,16,11,2,27,14,0,
28-06-2014,31,28,24,89,72,50,1017,1015,1013,16,15,3,45,19,4.06,"Rain , Thunderstorm"
29-06-2014,31,27,22,91,74,50,1015,1012,1010,16,16,13,45,21,1.02,Rain
30-06-2014,31,26,20,96,84,58,1013,1009,1003,16,12,0,69,20,52.32,"Fog , Rain , Thunderstorm"
01-07-2014,29,24,20,93,73,39,1008,1006,1000,16,15,8,47,24,1.02,"Rain , Thunderstorm"
02-07-2014,23,19,14,94,76,44,1017,1013,1008,16,12,2,29,16,3.05,Rain
03-07-2014,24,19,14,90,59,28,1022,1020,1016,16,15,10,26,11,1.27,Rain
04-07-2014,26,21,16,67,48,24,1026,1025,1022,16,15,10,24,11,0,
05-07-2014,26,22,17,73,55,31,1024,1021,1016,16,15,10,29,15,0.25,Rain
06-07-2014,32,26,19,78,67,50,1016,1011,1006,16,16,16,37,21,0,
07-07-2014,32,27,22,91,66,33,1007,1006,1004,16,15,2,45,17,12.19,"Rain , Thunderstorm"
08-07-2014,29,25,21,93,63,32,1009,1005,1001,16,14,1,45,21,12.19,Rain
09-07-2014,27,23,18,84,60,36,1017,1013,1009,16,16,16,27,10,0,
10-07-2014,26,22,17,87,58,33,1022,1020,1018,16,16,16,24,9,0,
11-07-2014,28,23,17,72,47,20,1023,1021,1018,16,16,16,23,10,T,
12-07-2014,27,24,21,97,84,48,1019,1016,1009,16,10,1,40,17,84.07,"Fog , Rain , Thunderstorm"
13-07-2014,30,26,22,96,75,34,1013,1011,1010,16,15,4,27,16,1.02,"Rain , Thunderstorm"
14-07-2014,27,23,18,90,59,35,1012,1010,1008,16,15,2,34,12,9.4,Rain
15-07-2014,22,18,14,86,69,44,1015,1013,1010,16,16,11,39,17,1.27,Rain
16-07-2014,23,18,13,96,61,31,1017,1016,1014,16,16,16,27,11,0,
17-07-2014,26,20,14,75,55,36,1019,1019,1017,16,16,16,24,8,0,
18-07-2014,27,23,18,75,54,34,1022,1020,1018,16,16,16,27,10,0,
19-07-2014,27,22,17,78,55,31,1019,1017,1015,16,16,16,23,7,0,
20-07-2014,29,24,19,79,56,31,1018,1016,1015,16,15,11,21,7,0,
21-07-2014,31,26,20,81,59,35,1019,1017,1016,16,16,16,23,13,0,
22-07-2014,33,28,22,87,67,49,1018,1015,1012,16,15,5,37,21,4.83,"Rain , Thunderstorm"
23-07-2014,24,21,18,94,64,35,1021,1019,1015,16,16,14,40,27,0,"Rain , Thunderstorm"
24-07-2014,24,20,16,82,56,30,1021,1020,1017,16,16,16,24,13,0,
25-07-2014,25,21,16,72,62,50,1019,1015,1012,16,16,16,32,15,T,
26-07-2014,29,26,21,87,70,59,1012,1009,1008,16,16,11,24,13,0,
27-07-2014,32,26,19,94,66,27,1012,1008,1005,16,13,5,48,23,1.02,
28-07-2014,23,20,17,67,54,28,1018,1016,1012,16,16,16,40,20,0,
29-07-2014,27,22,16,78,58,40,1017,1016,1015,16,16,16,35,13,0,
30-07-2014,27,22,16,84,67,40,1017,1016,1015,16,16,13,23,9,0,
31-07-2014,29,23,17,88,59,29,1017,1016,1015,16,15,10,29,14,0,
01-08-2014,28,24,19,84,66,43,1020,1018,1016,16,16,10,47,12,5.33,"Rain , Thunderstorm"
02-08-2014,29,23,17,84,53,26,1021,1019,1017,16,16,16,16,8,0,
03-08-2014,31,25,19,73,58,35,1021,1019,1017,16,16,16,24,10,0,
04-08-2014,31,26,20,96,72,33,1020,1017,1016,16,12,1,34,14,45.47,"Rain , Thunderstorm"
05-08-2014,27,23,20,100,81,58,1018,1017,1015,16,12,3,21,8,1.78,"Rain , Thunderstorm"
06-08-2014,27,23,18,88,59,29,1018,1017,1016,16,16,16,21,10,0,
07-08-2014,27,24,21,87,62,38,1019,1017,1016,16,16,16,26,15,0,
08-08-2014,28,24,21,78,59,37,1019,1017,1016,16,16,16,32,18,0,
09-08-2014,27,23,20,73,57,40,1019,1018,1016,16,16,16,27,17,0,
10-08-2014,28,25,22,71,61,43,1017,1015,1013,16,16,16,23,14,0,
11-08-2014,29,24,20,94,78,52,1014,1011,1007,16,14,2,37,13,29.46,"Rain , Thunderstorm"
12-08-2014,21,19,17,94,79,63,1014,1010,1006,16,15,5,37,18,4.06,Rain
13-08-2014,28,22,15,84,63,39,1017,1015,1014,16,16,16,34,13,0,
14-08-2014,23,19,16,76,54,34,1020,1018,1016,16,16,16,26,14,0,
15-08-2014,26,19,13,75,53,26,1019,1017,1014,16,16,16,23,10,0,
16-08-2014,27,23,18,81,70,56,1014,1013,1011,16,16,16,24,13,0,
17-08-2014,22,21,19,94,83,73,1015,1014,1012,16,12,6,24,14,0,
18-08-2014,29,24,19,94,75,47,1014,1011,1008,16,15,10,24,9,0,
19-08-2014,30,27,23,87,70,38,1008,1006,1005,16,15,5,47,19,3.3,"Rain , Thunderstorm"
20-08-2014,31,26,20,84,67,38,1014,1010,1008,16,16,16,34,13,0,
21-08-2014,28,25,22,100,88,73,1015,1013,1012,16,12,2,27,10,32.77,"Rain , Thunderstorm"
22-08-2014,31,27,23,100,85,52,1015,1013,1012,16,11,1,26,12,80.52,"Rain , Thunderstorm"
23-08-2014,31,26,22,94,86,65,1017,1014,1011,16,11,2,40,6,12.7,"Rain , Thunderstorm"
24-08-2014,32,27,23,94,77,55,1016,1015,1013,16,16,13,21,12,0,
25-08-2014,33,28,23,91,78,62,1017,1015,1013,16,15,1,58,11,19.81,"Fog , Rain , Thunderstorm"
26-08-2014,30,26,22,85,75,50,1021,1017,1015,16,16,16,50,9,0,"Rain , Thunderstorm"
27-08-2014,27,24,21,84,69,50,1021,1019,1019,16,16,16,24,11,0,
28-08-2014,25,23,21,84,64,48,1020,1018,1016,16,16,14,24,14,0.51,Rain
29-08-2014,31,27,23,81,72,52,1015,1013,1010,16,16,14,27,17,0,
30-08-2014,30,27,23,85,71,43,1012,1010,1009,16,16,11,40,20,T,
31-08-2014,31,26,22,87,73,40,1014,1012,1010,16,16,16,26,12,0,
01-09-2014,29,27,23,91,74,47,1010,1008,1006,16,16,16,35,21,T,
02-09-2014,29,25,21,91,62,25,1014,1011,1009,16,16,16,27,11,0,
03-09-2014,29,24,19,87,61,39,1017,1015,1013,16,16,16,26,11,0,
04-09-2014,31,27,23,88,72,53,1017,1014,1011,16,16,11,35,20,5.59,"Rain , Thunderstorm"
05-09-2014,32,26,19,94,77,58,1018,1014,1011,16,14,1,48,19,10.92,"Rain , Thunderstorm"
06-09-2014,24,21,17,84,60,31,1022,1020,1017,16,16,16,24,13,0,
07-09-2014,26,21,14,81,55,27,1023,1021,1020,16,16,16,21,7,0,
08-09-2014,26,21,16,77,54,33,1021,1018,1015,16,16,16,24,9,0,
09-09-2014,27,23,19,75,65,54,1016,1013,1010,16,16,14,26,14,0.25,Rain
10-09-2014,28,21,14,94,83,64,1010,1004,1000,16,11,2,45,26,40.89,Rain
11-09-2014,14,13,11,80,71,59,1026,1020,1012,16,16,16,26,17,0,
12-09-2014,14,11,8,93,84,63,1027,1025,1024,16,11,3,29,19,2.54,Rain
13-09-2014,16,11,6,93,72,42,1029,1027,1025,16,16,11,27,11,0.25,
14-09-2014,19,14,8,86,61,32,1027,1025,1022,16,16,16,23,8,0,
15-09-2014,17,14,12,88,77,61,1022,1020,1019,16,16,14,26,10,T,Rain
16-09-2014,21,14,8,93,66,28,1023,1021,1019,16,16,16,19,8,0,
17-09-2014,22,16,9,86,61,28,1018,1016,1015,16,16,16,21,6,0,
18-09-2014,22,17,12,90,74,55,1021,1020,1017,16,15,11,23,9,0,
19-09-2014,24,19,14,90,55,21,1022,1018,1013,16,16,13,32,17,0,
20-09-2014,27,22,17,87,73,59,1014,1010,1006,16,16,13,39,19,3.05,Rain
21-09-2014,21,16,11,87,70,51,1020,1012,1005,16,16,10,40,21,T,"Rain , Thunderstorm"
22-09-2014,21,15,9,83,62,37,1026,1024,1021,16,16,16,19,10,0,
23-09-2014,24,17,10,76,58,27,1028,1026,1025,16,16,16,21,10,0,
24-09-2014,25,19,12,84,58,30,1028,1026,1024,16,16,16,24,9,0,
25-09-2014,26,20,14,86,64,33,1026,1024,1023,16,16,16,19,6,0,
26-09-2014,27,21,15,83,61,27,1025,1023,1022,16,16,14,21,8,0,
27-09-2014,26,21,16,84,65,33,1024,1023,1021,16,16,14,16,8,0,
28-09-2014,26,21,14,93,69,38,1021,1020,1017,16,15,8,14,5,0,
29-09-2014,29,22,14,90,70,31,1017,1015,1012,16,15,10,29,13,T,Rain
30-09-2014,16,13,11,92,78,61,1017,1016,1015,16,14,5,24,18,T,Rain
01-10-2014,23,17,11,89,68,44,1017,1015,1011,16,16,5,24,14,T,
02-10-2014,24,22,19,97,79,61,1012,1008,1003,16,14,3,29,13,18.03,"Rain , Thunderstorm"
03-10-2014,20,14,8,100,80,50,1009,1003,996,16,12,2,39,25,26.67,Rain
04-10-2014,9,6,3,86,68,41,1009,1007,1006,16,16,11,40,22,1.27,"Rain , Snow"
05-10-2014,13,9,6,76,59,37,1008,1006,1004,16,16,16,34,17,T,Rain
06-10-2014,17,13,9,80,59,26,1005,1003,1001,16,16,16,34,18,0.25,
07-10-2014,21,15,9,80,58,29,1011,1006,1003,16,16,16,37,19,0,
08-10-2014,19,14,9,74,47,16,1017,1015,1011,16,16,16,32,18,0,
09-10-2014,18,14,10,63,48,32,1021,1019,1017,16,16,16,16,10,0,
10-10-2014,15,11,7,80,65,46,1022,1021,1020,16,16,16,19,8,0,
11-10-2014,16,10,4,82,57,21,1025,1023,1021,16,16,16,21,8,0,
12-10-2014,18,13,7,93,65,45,1021,1016,1011,16,15,4,32,16,0.25,
13-10-2014,22,18,15,94,88,79,1012,1007,999,16,8,2,34,14,11.18,"Rain , Thunderstorm"
14-10-2014,19,16,12,96,90,81,1004,1000,996,16,9,2,32,14,29.97,Rain
15-10-2014,14,13,12,97,91,82,1010,1007,1004,16,9,2,24,16,1.78,Rain
16-10-2014,14,13,12,97,88,74,1011,1009,1005,16,12,2,24,14,T,Rain
17-10-2014,17,13,9,93,74,58,1012,1005,1001,16,16,16,40,20,0.25,
18-10-2014,11,8,4,82,71,56,1024,1019,1012,16,16,16,34,14,0.51,Rain
19-10-2014,14,8,2,89,71,43,1024,1020,1013,16,16,16,29,14,0,
20-10-2014,19,14,10,83,69,51,1015,1012,1009,16,16,16,27,15,0,
21-10-2014,12,11,9,74,66,50,1025,1021,1015,16,16,16,34,19,0,
22-10-2014,13,10,6,76,64,38,1029,1026,1025,16,16,16,19,8,0,
23-10-2014,17,11,5,89,64,36,1025,1022,1018,16,15,8,21,13,T,
24-10-2014,20,16,12,77,63,41,1018,1016,1013,16,16,14,19,9,0,
25-10-2014,24,18,11,93,54,10,1015,1013,1012,16,14,5,37,17,0,
26-10-2014,19,13,7,58,42,15,1017,1014,1011,16,16,16,19,9,0,
27-10-2014,26,19,12,76,55,30,1010,1005,1001,16,16,16,40,22,0.51,Rain
28-10-2014,19,14,9,87,55,30,1015,1010,1003,16,16,11,42,24,0.76,Rain
29-10-2014,9,7,4,68,56,42,1021,1019,1015,16,16,16,32,14,0,
30-10-2014,12,7,3,83,65,43,1022,1020,1017,16,16,16,23,10,T,
31-10-2014,9,6,1,89,68,45,1028,1022,1016,16,12,2,64,36,1.02,"Rain , Snow"
01-11-2014,7,4,1,85,60,38,1032,1030,1028,16,16,16,39,17,T,Snow
02-11-2014,12,5,-2,89,55,16,1031,1028,1023,16,16,16,32,16,0,
03-11-2014,18,13,7,53,42,23,1022,1018,1014,16,16,16,40,24,0,
04-11-2014,16,12,7,87,69,36,1019,1014,1012,16,16,13,37,25,0.51,Rain
05-11-2014,17,11,4,86,59,26,1022,1018,1011,16,16,16,32,16,T,Rain
06-11-2014,11,8,4,80,64,43,1024,1015,1008,16,16,16,47,28,T,
07-11-2014,7,5,3,63,55,34,1024,1019,1010,16,16,16,26,15,0,
08-11-2014,9,7,4,80,58,33,1015,1011,1007,16,16,16,39,19,T,
09-11-2014,12,7,2,67,55,34,1015,1011,1008,16,16,16,40,16,0,
10-11-2014,18,13,7,74,57,33,1010,1005,1000,16,16,16,42,19,0,
11-11-2014,16,8,1,89,70,47,1022,1010,1001,16,15,3,39,24,5.84,Rain
12-11-2014,1,-1,-3,64,56,35,1027,1026,1022,16,16,16,32,21,T,Snow
13-11-2014,-1,-2,-3,69,59,42,1028,1027,1026,16,14,3,29,19,T,Snow
14-11-2014,-2,-3,-4,69,56,39,1030,1029,1026,16,16,14,23,12,T,Snow
15-11-2014,1,-3,-6,78,59,31,1030,1028,1024,16,16,14,23,10,T,Snow
16-11-2014,1,-2,-4,82,72,54,1023,1018,1013,16,13,4,29,15,T,Snow
17-11-2014,-4,-7,-11,74,61,37,1017,1014,1012,16,15,5,48,26,T,Snow
18-11-2014,-6,-8,-11,73,59,35,1023,1020,1015,16,16,14,42,26,T,Snow
19-11-2014,1,-3,-7,66,55,34,1019,1014,1009,16,16,13,42,24,T,Snow
20-11-2014,-1,-4,-8,71,50,19,1029,1021,1017,16,16,16,40,24,0,
21-11-2014,2,-4,-11,68,43,12,1034,1029,1023,16,16,16,26,13,T,Rain
22-11-2014,12,7,1,93,81,41,1022,1015,1011,16,12,2,34,19,1.27,Rain
23-11-2014,12,11,10,97,84,66,1011,1001,985,16,13,8,27,16,15.75,Rain
24-11-2014,11,4,-3,96,86,65,1011,995,985,16,9,1,52,30,8.89,"Fog , Rain , Snow"
25-11-2014,-1,-3,-6,81,73,61,1024,1019,1012,16,15,2,35,19,T,Snow
26-11-2014,0,-3,-6,85,74,55,1024,1022,1021,16,14,8,23,10,T,Snow
27-11-2014,-1,-4,-7,78,68,51,1031,1028,1024,16,14,8,32,16,T,Snow
28-11-2014,2,-2,-7,76,65,49,1030,1022,1013,16,16,14,29,16,T,Snow
29-11-2014,12,7,1,89,78,63,1012,1006,1003,16,16,11,37,23,0,
30-11-2014,13,6,-2,93,83,61,1027,1012,1004,16,14,6,35,21,T,
01-12-2014,-2,-4,-6,69,52,20,1040,1036,1028,16,16,13,32,21,T,Snow
02-12-2014,1,-2,-6,85,72,53,1035,1024,1019,16,14,3,34,16,T,Snow
03-12-2014,4,1,-3,81,60,31,1030,1025,1019,16,16,11,27,17,0,
04-12-2014,3,-1,-4,65,56,37,1031,1029,1025,16,16,13,23,12,0,
05-12-2014,5,3,2,89,79,64,1025,1024,1022,13,8,3,21,9,0,
06-12-2014,6,4,1,83,71,48,1038,1033,1025,16,13,4,39,21,0,
07-12-2014,4,2,-1,72,60,37,1039,1034,1027,16,16,16,23,14,0,
08-12-2014,4,3,2,96,86,63,1026,1019,1016,16,8,2,24,16,2.54,Rain
09-12-2014,4,3,1,93,85,71,1030,1026,1020,16,11,5,32,21,0.51,"Rain , Snow"
10-12-2014,2,1,-1,79,74,62,1030,1028,1026,16,15,11,23,16,T,Snow
11-12-2014,1,-1,-3,85,73,52,1027,1026,1024,16,13,10,23,14,0,
12-12-2014,4,0,-4,96,87,76,1029,1026,1025,16,8,0,26,14,T,"Fog , Snow"
13-12-2014,9,6,3,87,83,72,1025,1022,1019,16,9,4,29,14,0,
14-12-2014,12,10,8,97,88,77,1020,1018,1016,16,10,3,26,15,T,Rain
15-12-2014,9,8,6,93,90,81,1016,1011,1005,8,4,2,27,18,3.05,Rain
16-12-2014,8,4,0,97,86,63,1021,1010,1004,16,9,0,37,17,0.51,"Fog , Rain , Snow"
17-12-2014,0,-2,-3,75,66,51,1027,1025,1022,16,16,16,29,18,T,Snow
18-12-2014,-1,-2,-4,69,65,52,1028,1026,1024,16,16,14,16,8,T,Snow
19-12-2014,1,0,-2,79,69,52,1028,1027,1026,16,15,11,19,7,T,Snow
20-12-2014,2,1,0,80,73,59,1027,1026,1024,16,15,13,16,9,T,Snow
21-12-2014,3,2,1,79,73,60,1025,1022,1018,16,16,14,26,16,0,
22-12-2014,7,3,-1,93,85,70,1017,1009,1002,16,8,3,29,17,7.11,Rain
23-12-2014,10,8,6,97,80,50,1008,1005,1001,16,13,2,34,17,3.05,Rain
24-12-2014,6,5,3,89,80,64,1006,1002,999,16,15,8,29,13,3.05,Rain
25-12-2014,7,4,2,83,73,52,1017,1013,1005,16,16,16,34,22,0,
26-12-2014,11,7,3,83,73,53,1018,1017,1016,16,16,16,27,17,0,
27-12-2014,10,5,0,93,79,56,1020,1017,1015,16,15,10,47,23,T,Rain
28-12-2014,2,-1,-3,78,64,32,1026,1023,1021,16,16,16,27,12,0,
29-12-2014,2,-1,-4,80,65,46,1034,1029,1026,16,16,16,24,15,0,
30-12-2014,-4,-7,-11,71,48,17,1040,1038,1034,16,16,16,26,18,0,
31-12-2014,-7,-11,-14,64,48,26,1038,1031,1023,16,16,16,39,24,0,
01-01-2015,0,-4,-8,63,54,33,1022,1020,1016,16,16,16,39,25,0,
02-01-2015,2,-2,-7,82,64,39,1028,1025,1021,16,16,16,16,8,0,
03-01-2015,3,1,-1,100,90,61,1022,1013,1008,16,5,2,19,8,13.97,"Rain , Snow"
04-01-2015,2,-6,-15,97,82,44,1035,1016,1006,16,6,1,39,21,2.54,"Rain , Snow"
05-01-2015,-12,-15,-18,84,67,45,1041,1035,1028,16,10,0,27,17,2.79,Snow
06-01-2015,-11,-13,-15,80,70,50,1031,1028,1026,16,12,2,40,20,T,Snow
07-01-2015,-13,-17,-20,67,53,31,1045,1040,1029,16,16,16,42,26,0,
08-01-2015,-7,-14,-22,84,73,54,1040,1020,1010,16,7,0,47,28,1.27,Snow
09-01-2015,-9,-12,-16,77,62,49,1033,1026,1013,16,14,1,48,26,T,Snow
10-01-2015,-3,-11,-18,79,63,40,1033,1031,1027,16,16,16,39,20,0,
11-01-2015,1,-1,-4,92,76,43,1027,1025,1024,16,9,0,26,16,3.05,Snow
12-01-2015,-1,-4,-7,96,73,53,1040,1033,1024,16,11,2,39,20,0.76,Snow
13-01-2015,-5,-8,-11,81,68,49,1042,1038,1032,16,15,11,32,13,T,Snow
14-01-2015,-6,-11,-15,84,73,53,1032,1029,1024,16,16,11,23,12,0,
15-01-2015,2,-3,-8,81,71,53,1024,1019,1016,16,15,11,34,17,0,
16-01-2015,2,-2,-6,93,77,56,1024,1021,1017,16,13,6,23,10,0,
17-01-2015,7,3,-1,79,72,54,1015,1007,1003,16,14,6,40,25,0,
18-01-2015,6,3,-1,89,74,46,1017,1010,1005,16,16,16,34,17,0,
19-01-2015,6,2,-3,92,80,63,1018,1016,1012,16,15,4,19,8,T,"Rain , Snow"
20-01-2015,4,3,1,93,85,72,1017,1013,1011,16,8,2,23,10,0.25,
21-01-2015,2,1,-1,92,79,55,1026,1019,1015,16,12,3,23,12,T,Snow
22-01-2015,1,0,-1,76,71,59,1032,1030,1026,16,16,6,24,10,0,
23-01-2015,1,0,-1,79,74,59,1029,1020,1011,16,14,6,27,19,0,
24-01-2015,7,4,0,85,76,57,1009,1006,1004,16,16,13,27,14,0,
25-01-2015,3,0,-3,93,83,54,1016,1010,1005,16,9,2,42,25,1.52,"Rain , Snow"
26-01-2015,-2,-4,-6,89,78,57,1017,1014,1011,16,9,2,26,9,1.02,Snow
27-01-2015,1,-2,-4,89,71,46,1026,1021,1013,16,12,4,23,10,T,Snow
28-01-2015,2,-1,-4,81,62,41,1027,1021,1010,16,16,8,34,17,0.76,Rain
29-01-2015,4,2,-1,78,66,39,1028,1016,1006,16,15,5,39,24,T,Snow
30-01-2015,0,-2,-5,68,50,25,1035,1032,1027,16,16,14,37,13,T,Snow
31-01-2015,4,-1,-5,89,72,53,1029,1024,1021,16,13,1,27,12,3.3,"Rain , Snow"
01-02-2015,1,-3,-6,92,89,83,1021,1012,1007,2,1,0,48,28,3.05,"Fog , Snow"
02-02-2015,-6,-9,-13,85,72,43,1026,1021,1012,16,11,1,40,21,T,"Fog , Snow"
03-02-2015,-1,-7,-13,88,78,57,1024,1020,1017,16,10,0,24,11,1.27,"Fog , Snow"
04-02-2015,-1,-6,-11,92,75,55,1031,1022,1015,16,9,1,29,15,T,Snow
05-02-2015,-8,-12,-16,85,60,32,1035,1031,1026,16,16,16,29,15,0,
06-02-2015,0,-4,-9,78,68,51,1026,1022,1016,16,16,13,24,15,0,
07-02-2015,7,2,-4,88,77,58,1014,1009,1003,16,15,13,24,14,0,
08-02-2015,6,3,-1,92,87,79,1016,1008,1002,16,8,2,35,17,T,Rain
09-02-2015,-1,-2,-3,86,78,62,1026,1022,1016,16,13,8,37,23,T,Snow
10-02-2015,1,-2,-4,78,65,36,1026,1023,1018,16,16,13,29,13,T,Snow
11-02-2015,3,-1,-6,82,71,54,1021,1017,1015,16,14,11,39,21,T,Snow
12-02-2015,-6,-9,-12,74,53,26,1034,1030,1021,16,14,2,45,22,T,Snow
13-02-2015,-2,-8,-14,76,65,49,1032,1023,1013,16,16,14,32,18,T,Snow
14-02-2015,-2,-8,-16,78,55,26,1034,1020,1008,16,13,2,60,32,T,Snow
15-02-2015,-8,-13,-18,81,62,35,1037,1034,1030,16,11,2,29,15,T,Snow
16-02-2015,-7,-10,-13,59,44,21,1030,1023,1016,16,16,16,16,8,0,
17-02-2015,-6,-8,-12,80,63,35,1017,1015,1012,16,14,4,34,20,T,Snow
18-02-2015,-12,-14,-18,73,55,27,1027,1020,1011,16,14,2,39,24,T,Snow
19-02-2015,-14,-17,-21,58,46,25,1032,1030,1027,16,16,16,34,18,0,
20-02-2015,-7,-12,-18,68,58,40,1031,1024,1017,16,14,4,35,20,T,Snow
21-02-2015,1,-3,-7,82,70,49,1022,1017,1013,16,14,10,19,7,0,
22-02-2015,-1,-7,-14,72,53,27,1041,1032,1023,16,15,11,32,22,0,
23-02-2015,-9,-13,-18,63,47,23,1043,1038,1028,16,16,16,29,16,0,
24-02-2015,0,-7,-14,69,58,35,1026,1012,1006,16,15,3,42,24,T,Snow
25-02-2015,-2,-6,-9,89,67,25,1018,1016,1012,16,8,1,26,14,1.52,"Fog , Snow"
26-02-2015,-6,-9,-14,86,68,37,1033,1024,1016,16,6,1,37,21,0.25,Snow
27-02-2015,-8,-13,-18,73,55,27,1041,1038,1033,16,16,16,23,11,0,
28-02-2015,-5,-11,-17,87,62,25,1043,1039,1032,16,13,3,23,9,T,Snow
01-03-2015,-3,-5,-8,93,76,57,1032,1029,1025,16,14,3,27,11,0.25,Snow
02-03-2015,1,-4,-9,77,57,29,1035,1032,1025,16,16,14,23,11,0,
03-03-2015,3,0,-3,93,78,51,1025,1011,1004,16,9,1,37,20,2.54,"Rain , Snow"
04-03-2015,1,-4,-10,75,55,30,1029,1021,1012,16,16,16,35,20,0,
05-03-2015,-7,-10,-13,64,46,28,1037,1034,1028,16,16,16,26,15,0,
06-03-2015,-3,-8,-14,73,62,42,1036,1029,1022,16,16,16,39,21,0,
07-03-2015,8,2,-3,79,66,39,1022,1019,1016,16,16,16,34,18,0,
08-03-2015,6,3,-1,82,68,48,1025,1022,1021,16,16,14,24,11,T,Snow
09-03-2015,11,4,-2,89,63,27,1024,1022,1020,16,15,1,23,9,0,
10-03-2015,12,8,3,97,86,57,1020,1017,1014,16,6,1,21,11,0,Fog
11-03-2015,12,7,2,97,69,24,1031,1024,1018,16,10,0,26,10,0,Fog
12-03-2015,14,8,1,76,51,19,1034,1031,1028,16,16,16,32,14,0,
13-03-2015,18,12,5,83,52,21,1027,1021,1015,16,16,16,21,11,0,
14-03-2015,17,11,4,90,59,23,1023,1017,1015,16,16,13,37,14,0,
15-03-2015,18,9,1,82,55,25,1026,1021,1016,16,16,16,35,17,0,
16-03-2015,23,15,7,80,45,26,1015,1012,1007,16,16,16,47,23,0,
17-03-2015,7,3,-1,80,51,18,1028,1024,1014,16,16,16,52,23,0,
18-03-2015,10,4,-1,64,35,13,1029,1027,1025,16,16,16,24,8,0,
19-03-2015,10,8,5,62,36,16,1026,1023,1020,16,16,16,29,15,0,
20-03-2015,11,8,4,89,73,50,1021,1019,1017,16,14,8,26,16,0,
21-03-2015,10,6,2,93,70,48,1025,1021,1015,16,14,8,32,19,0,
22-03-2015,3,1,-1,73,57,34,1028,1026,1024,16,16,8,29,21,T,Snow
23-03-2015,0,-1,-1,93,83,61,1027,1025,1023,16,8,0,32,20,3.81,"Fog , Snow"
24-03-2015,4,1,-4,84,62,35,1027,1024,1014,16,16,14,29,18,1.02,Rain
25-03-2015,6,5,3,93,83,74,1018,1014,1008,16,11,2,37,19,3.3,Rain
26-03-2015,8,4,1,76,57,30,1019,1016,1014,16,16,14,29,16,T,Snow
27-03-2015,1,-1,-4,82,62,27,1025,1022,1018,16,11,2,34,21,0.25,Snow
28-03-2015,3,-2,-6,68,44,14,1029,1027,1025,16,16,16,21,11,0,
29-03-2015,11,4,-2,73,56,31,1027,1017,1009,16,16,16,47,24,1.02,Rain
30-03-2015,18,11,3,73,50,19,1019,1015,1008,16,16,16,37,17,0,
31-03-2015,14,9,5,89,62,38,1015,1012,1005,16,14,3,37,16,0,
01-04-2015,23,14,5,73,45,15,1018,1014,1009,16,16,16,35,19,0,
02-04-2015,20,15,10,90,63,27,1011,1007,1004,16,15,3,32,17,6.86,"Rain , Thunderstorm"
03-04-2015,14,7,1,79,51,23,1023,1015,1009,16,16,16,32,18,T,
04-04-2015,16,8,-1,79,43,13,1026,1023,1020,16,16,16,45,19,0,
05-04-2015,21,14,8,44,28,8,1020,1017,1015,16,16,16,35,19,0,
06-04-2015,18,12,5,79,53,35,1019,1016,1015,16,16,14,32,14,1.78,Rain
07-04-2015,9,7,4,93,88,81,1020,1017,1016,16,6,2,29,19,1.02,Rain
08-04-2015,12,9,6,100,88,69,1016,1014,1011,14,6,1,32,15,2.03,"Fog , Rain , Thunderstorm"
09-04-2015,23,16,8,100,87,68,1011,1004,996,16,7,1,58,22,24.13,"Rain , Thunderstorm"
10-04-2015,18,12,6,76,61,25,1022,1011,1001,16,16,16,58,29,T,
11-04-2015,18,11,4,79,48,19,1025,1023,1021,16,16,16,26,12,0,
12-04-2015,22,15,8,56,36,15,1022,1019,1014,16,16,16,32,16,0,
13-04-2015,21,16,12,90,48,15,1022,1015,1011,16,16,13,39,19,3.56,Rain
14-04-2015,19,14,8,52,27,8,1025,1024,1022,16,16,16,19,9,0,
15-04-2015,19,13,7,48,33,15,1025,1023,1021,16,16,16,35,19,0,
16-04-2015,18,13,8,90,66,30,1021,1020,1017,16,13,3,23,11,8.64,Rain
17-04-2015,27,18,9,89,53,23,1020,1017,1015,16,15,6,21,7,0,
18-04-2015,20,15,10,70,52,37,1019,1016,1014,16,16,16,39,16,0,
19-04-2015,21,16,11,100,64,25,1014,1002,991,16,12,3,29,16,10.67,Rain
20-04-2015,13,10,6,94,75,44,1004,995,990,16,13,3,47,27,T,Rain
21-04-2015,14,10,5,71,46,14,1006,1004,1003,16,16,16,58,30,0,
22-04-2015,9,6,3,65,47,25,1013,1010,1006,16,16,13,35,22,T,
23-04-2015,13,7,1,64,43,10,1018,1016,1013,16,16,16,32,13,0,
24-04-2015,16,9,2,87,46,10,1020,1016,1012,16,16,11,35,12,7.37,Rain
25-04-2015,9,7,4,89,78,58,1012,1009,1007,16,14,5,40,23,8.64,Rain
26-04-2015,14,9,4,73,47,21,1017,1016,1012,16,16,16,39,20,0,
27-04-2015,13,10,6,68,53,34,1021,1020,1017,16,16,16,37,20,0,
28-04-2015,16,9,3,80,56,31,1022,1019,1016,16,16,16,26,8,0,
29-04-2015,18,12,6,74,53,24,1015,1014,1012,16,16,16,27,12,T,Rain
30-04-2015,11,8,6,74,61,45,1020,1016,1012,16,16,16,39,21,0,
01-05-2015,18,12,4,86,56,28,1022,1020,1019,16,16,16,19,10,0,
02-05-2015,26,19,12,62,35,12,1019,1016,1014,16,16,16,26,12,0,
03-05-2015,28,22,16,87,44,17,1015,1014,1012,16,16,14,39,17,5.08,Rain
04-05-2015,23,19,14,75,61,36,1022,1017,1012,16,16,16,32,14,T,"Rain , Thunderstorm"
05-05-2015,16,13,11,97,84,39,1024,1023,1021,16,8,2,27,14,20.07,"Rain , Thunderstorm"
06-05-2015,28,19,11,100,80,50,1023,1021,1018,16,6,0,23,9,0,Fog
07-05-2015,31,22,14,81,53,20,1018,1015,1012,16,16,16,40,16,0,
08-05-2015,29,24,19,94,74,43,1015,1013,1012,16,15,3,40,14,7.11,"Rain , Thunderstorm"
09-05-2015,19,14,9,96,86,70,1019,1017,1013,16,9,2,34,15,9.65,Rain
10-05-2015,14,12,8,97,89,75,1018,1017,1015,16,9,2,23,13,4.06,Rain
11-05-2015,22,16,10,93,78,46,1014,1011,1008,16,14,6,45,21,3.56,Rain
12-05-2015,14,12,8,66,56,38,1027,1019,1013,16,16,16,45,25,T,Rain
13-05-2015,12,9,7,74,59,40,1033,1031,1027,16,16,16,27,16,0,
14-05-2015,21,14,8,78,60,34,1029,1024,1017,16,16,13,32,16,3.3,Rain
15-05-2015,26,21,16,87,71,48,1017,1015,1013,16,14,3,27,16,0.76,Rain
16-05-2015,28,24,19,87,77,56,1017,1015,1014,16,16,13,26,14,T,Rain
17-05-2015,29,25,21,93,74,49,1015,1013,1010,16,13,3,42,22,T,
18-05-2015,27,19,11,87,59,26,1020,1015,1013,16,16,16,40,24,0,
19-05-2015,12,9,7,71,60,50,1025,1023,1021,16,16,16,27,17,0,
20-05-2015,11,8,6,80,57,28,1025,1023,1021,16,16,16,29,15,0.51,Rain
21-05-2015,21,15,8,74,49,17,1020,1018,1016,16,16,16,29,15,T,Rain
22-05-2015,20,15,10,74,44,15,1026,1022,1016,16,16,16,27,14,0,
23-05-2015,28,20,12,55,34,14,1028,1025,1022,16,16,16,24,12,0,
24-05-2015,24,21,17,90,63,37,1022,1017,1012,16,15,8,29,11,11.18,Rain
25-05-2015,27,24,20,90,66,46,1014,1011,1010,16,16,11,45,23,1.52,Rain
26-05-2015,25,23,21,90,78,58,1014,1010,1007,16,14,1,50,21,10.67,Rain
27-05-2015,25,22,18,84,66,43,1020,1014,1010,16,16,10,39,19,1.52,Rain
28-05-2015,29,22,16,83,56,30,1022,1020,1017,16,16,16,26,11,0,
29-05-2015,29,26,22,84,65,47,1017,1014,1011,16,16,6,29,17,4.57,Rain
30-05-2015,23,15,7,94,86,76,1020,1016,1013,16,11,3,45,23,20.07,Rain
31-05-2015,14,11,7,93,78,43,1024,1021,1019,16,11,3,35,25,1.27,Rain
01-06-2015,17,13,9,83,65,43,1025,1024,1022,16,16,16,29,17,0,
02-06-2015,22,14,7,83,58,34,1023,1021,1019,16,16,16,24,8,0,
03-06-2015,26,19,13,81,59,30,1019,1016,1014,16,16,16,23,11,0,
04-06-2015,28,22,17,78,62,43,1016,1015,1013,16,16,14,23,14,0,
05-06-2015,23,18,13,90,77,67,1021,1019,1014,16,15,10,42,24,0,
06-06-2015,23,18,12,86,66,41,1022,1019,1015,16,16,13,26,14,0,
07-06-2015,28,22,16,90,79,62,1014,1008,1004,16,14,2,37,19,11.18,Rain
08-06-2015,30,24,17,90,67,26,1008,1005,1003,16,16,8,47,18,2.54,"Rain , Thunderstorm"
09-06-2015,31,23,16,84,57,27,1010,1008,1006,16,16,13,27,14,0,
10-06-2015,34,28,22,79,60,36,1009,1006,1004,16,16,16,40,20,2.29,"Rain , Thunderstorm"
11-06-2015,26,22,18,93,71,49,1011,1009,1007,16,13,2,26,11,5.08,"Rain , Thunderstorm"
12-06-2015,23,19,14,97,92,84,1014,1010,1005,16,5,2,32,12,4.32,"Rain , Thunderstorm"
13-06-2015,31,23,14,100,82,57,1015,1013,1011,16,11,1,39,10,4.83,"Fog , Rain , Thunderstorm"
14-06-2015,29,26,21,96,84,54,1014,1012,1011,16,13,2,29,14,24.89,"Rain , Thunderstorm"
15-06-2015,28,25,22,97,88,68,1014,1012,1009,16,11,1,39,12,6.1,"Fog , Rain , Thunderstorm , Tornado"
16-06-2015,23,19,16,94,69,33,1021,1018,1014,16,14,3,24,18,T,Rain
17-06-2015,22,18,14,90,80,55,1018,1016,1014,16,11,3,14,6,8.38,Rain
18-06-2015,28,22,15,100,81,46,1017,1014,1012,16,10,1,40,17,12.19,"Fog , Rain , Thunderstorm"
19-06-2015,20,17,14,78,69,56,1019,1017,1014,16,16,16,26,18,0,
20-06-2015,28,21,14,91,73,53,1014,1011,1007,16,15,10,39,11,5.59,"Rain , Thunderstorm"
21-06-2015,31,26,21,90,71,33,1014,1011,1009,16,16,16,26,14,T,Rain
22-06-2015,29,26,22,93,80,68,1014,1010,1005,16,16,13,50,20,1.02,"Rain , Thunderstorm"
23-06-2015,27,23,19,87,55,32,1019,1015,1008,16,16,16,35,14,0,
24-06-2015,26,23,19,71,61,40,1021,1019,1016,16,16,16,24,9,0,
25-06-2015,28,23,18,96,83,60,1017,1014,1013,16,12,2,24,14,4.06,"Rain , Thunderstorm"
26-06-2015,21,19,16,93,85,75,1016,1014,1013,16,11,4,27,14,17.78,Rain
27-06-2015,25,20,15,93,59,26,1015,1014,1013,16,16,11,32,15,T,Rain
28-06-2015,27,21,14,78,57,28,1013,1011,1009,16,16,16,29,10,T,Rain
29-06-2015,24,22,19,90,80,66,1009,1008,1008,16,14,5,19,8,0.76,Rain
30-06-2015,27,22,16,93,74,44,1012,1009,1007,16,14,6,32,14,0,
01-07-2015,20,17,14,81,71,53,1015,1014,1012,16,16,16,26,15,0,
02-07-2015,22,18,13,90,74,51,1016,1015,1014,16,16,8,27,18,0,
03-07-2015,25,21,16,84,60,36,1015,1014,1012,16,16,16,21,9,0,
04-07-2015,29,23,17,81,57,32,1017,1015,1013,16,15,6,19,6,0,
05-07-2015,29,24,18,78,56,32,1018,1016,1015,16,14,6,23,8,0,
06-07-2015,31,27,22,88,72,51,1015,1012,1009,16,13,2,37,17,14.22,"Rain , Thunderstorm"
07-07-2015,23,19,15,87,69,36,1019,1014,1009,16,12,3,42,22,6.35,Rain
08-07-2015,20,18,15,90,71,53,1020,1017,1013,16,13,2,21,13,T,Rain
09-07-2015,23,20,16,90,72,47,1017,1015,1010,16,10,2,24,12,1.02,Rain
10-07-2015,28,23,17,87,58,30,1020,1019,1017,16,15,5,23,6,0,
11-07-2015,27,23,18,84,61,45,1021,1019,1016,16,16,14,21,8,0.76,Rain
12-07-2015,28,24,21,90,72,49,1016,1014,1011,16,14,5,21,12,1.52,Rain
13-07-2015,31,26,21,87,71,52,1011,1005,1000,16,15,2,48,18,16.76,"Rain , Thunderstorm"
14-07-2015,29,23,18,81,65,49,1012,1004,1000,16,16,16,39,20,0,
15-07-2015,24,21,17,73,56,29,1016,1015,1012,16,16,16,27,15,0,
16-07-2015,26,22,17,87,73,46,1017,1013,1008,16,13,3,29,14,13.21,"Rain , Thunderstorm"
17-07-2015,34,29,23,87,68,44,1009,1007,1006,16,14,8,29,13,0.76,"Rain , Thunderstorm"
18-07-2015,34,29,24,79,68,57,1012,1009,1007,16,16,14,47,14,0.76,"Rain , Thunderstorm"
19-07-2015,31,27,22,84,61,33,1012,1010,1009,16,16,16,35,12,0,
20-07-2015,32,26,20,76,60,35,1011,1008,1006,16,16,16,26,12,0,
21-07-2015,28,24,21,69,46,26,1013,1011,1007,16,16,16,24,13,0,
22-07-2015,29,24,19,68,45,26,1015,1014,1013,16,16,16,21,8,0,
23-07-2015,30,25,19,71,48,27,1015,1015,1014,16,16,16,23,7,0,
24-07-2015,31,26,21,68,51,31,1016,1014,1012,16,16,16,34,13,0,
25-07-2015,33,28,23,76,65,50,1013,1012,1011,16,16,16,32,14,0,
26-07-2015,28,25,22,71,62,52,1014,1013,1012,16,16,16,19,9,T,Rain
27-07-2015,32,27,22,84,58,29,1015,1014,1013,16,15,8,27,13,0,
28-07-2015,34,29,23,76,57,34,1015,1013,1010,16,16,16,26,11,0,
29-07-2015,32,28,23,82,58,15,1015,1013,1011,16,15,3,35,17,1.78,"Rain , Thunderstorm"
30-07-2015,32,27,21,65,42,18,1017,1016,1014,16,16,16,27,18,0,
31-07-2015,32,27,21,64,41,15,1016,1014,1012,16,16,16,45,18,T,
01-08-2015,32,26,19,64,45,23,1015,1013,1011,16,16,16,32,16,0,
02-08-2015,35,28,20,87,59,37,1011,1007,1003,16,15,2,58,25,26.92,"Rain , Thunderstorm"
03-08-2015,29,24,20,87,53,18,1012,1009,1006,16,16,16,32,14,0,
04-08-2015,29,23,18,73,49,25,1016,1014,1012,16,16,16,32,11,0,
05-08-2015,28,23,18,78,53,26,1017,1016,1014,16,16,16,26,11,0,
06-08-2015,29,25,21,78,58,33,1014,1013,1012,16,16,16,26,14,0,
07-08-2015,29,25,20,76,49,28,1013,1011,1010,16,16,16,24,14,0,
08-08-2015,29,26,22,79,63,53,1014,1012,1009,16,15,11,21,11,0,
09-08-2015,28,25,21,84,73,47,1015,1013,1011,16,12,6,23,8,T,Rain
10-08-2015,30,26,22,85,71,51,1012,1011,1009,16,14,3,34,9,6.35,"Rain , Thunderstorm"
11-08-2015,28,24,20,81,59,39,1019,1016,1012,16,16,16,32,12,0,
12-08-2015,26,22,18,73,61,44,1021,1020,1019,16,16,16,24,9,0,
13-08-2015,30,25,19,79,58,34,1020,1018,1016,16,16,16,32,16,0,
14-08-2015,32,27,22,81,65,41,1021,1018,1016,16,15,8,52,14,4.32,"Rain , Thunderstorm"
15-08-2015,32,27,21,87,71,48,1020,1019,1017,16,15,1,40,9,4.32,"Rain , Thunderstorm"
16-08-2015,33,28,22,84,63,35,1019,1017,1015,16,16,16,29,14,0,
17-08-2015,32,27,22,84,67,45,1017,1015,1013,16,15,2,42,13,10.41,"Rain , Thunderstorm"
18-08-2015,29,25,21,87,76,47,1015,1009,1005,16,13,2,53,15,23.88,"Rain , Thunderstorm"
19-08-2015,26,22,18,81,65,34,1007,1005,1003,16,16,16,39,24,T,Rain
20-08-2015,24,21,16,78,57,29,1016,1010,1006,16,16,16,40,23,0,
21-08-2015,29,22,16,78,53,32,1019,1017,1016,16,16,16,27,14,0,
22-08-2015,28,24,19,68,49,27,1019,1017,1014,16,16,16,34,15,0,
23-08-2015,26,22,18,91,65,34,1014,1011,1010,16,14,1,39,19,2.29,Rain
24-08-2015,24,19,14,74,50,28,1015,1013,1012,16,16,16,47,22,0,
25-08-2015,23,20,17,68,55,39,1018,1016,1014,16,16,16,29,14,0,
26-08-2015,19,17,15,75,64,48,1022,1020,1018,16,16,16,16,9,0,
27-08-2015,24,19,13,83,64,41,1023,1021,1020,16,16,13,23,8,0,
28-08-2015,24,21,17,78,66,48,1020,1019,1017,16,16,16,16,9,T,
29-08-2015,24,22,19,87,79,61,1018,1016,1015,16,11,3,21,10,9.4,Rain
30-08-2015,26,22,19,90,77,58,1019,1017,1015,16,11,2,14,7,0,
31-08-2015,31,24,18,90,71,46,1018,1016,1015,16,11,3,19,4,0,
01-09-2015,32,28,23,85,69,48,1017,1016,1014,16,15,14,32,14,0,
02-09-2015,33,28,23,82,63,37,1017,1015,1013,16,16,13,27,13,0,
03-09-2015,34,29,23,79,62,34,1014,1012,1010,16,16,10,34,16,T,
04-09-2015,31,27,22,81,71,57,1017,1015,1013,16,16,16,26,10,0,
05-09-2015,31,27,23,82,70,50,1020,1018,1016,16,16,14,26,12,0.51,Thunderstorm
06-09-2015,34,29,23,71,53,27,1017,1016,1013,16,16,16,29,14,0,
07-09-2015,32,29,25,69,57,40,1015,1014,1012,16,16,16,23,13,T,
08-09-2015,31,26,21,91,79,57,1013,1010,1008,16,14,1,40,15,23.11,"Fog , Rain , Thunderstorm"
09-09-2015,26,21,17,90,65,29,1016,1014,1012,16,16,16,23,10,0,
10-09-2015,25,20,15,90,75,46,1015,1013,1012,16,16,11,40,8,5.08,"Rain , Thunderstorm"
11-09-2015,21,17,14,90,74,48,1017,1015,1012,16,15,10,35,16,5.84,Rain
12-09-2015,19,16,12,86,63,28,1018,1017,1016,16,16,13,34,18,4.06,Rain
13-09-2015,22,16,10,77,53,25,1018,1016,1015,16,16,16,23,12,0,
14-09-2015,28,21,13,67,49,25,1019,1017,1016,16,16,16,35,20,0,
15-09-2015,29,24,18,65,46,15,1023,1022,1019,16,16,16,32,17,0,
16-09-2015,29,23,16,63,47,24,1023,1021,1018,16,16,16,34,17,0,
17-09-2015,31,25,19,73,57,36,1018,1014,1009,16,15,4,34,20,6.6,"Rain , Thunderstorm"
18-09-2015,26,23,19,97,85,67,1011,1009,1005,16,10,2,34,11,80.01,"Rain , Thunderstorm"
19-09-2015,22,18,14,94,74,36,1020,1012,1005,16,13,1,37,15,1.02,"Rain , Thunderstorm"
20-09-2015,22,17,12,84,62,31,1023,1021,1020,16,16,16,19,8,0,
21-09-2015,23,18,13,83,58,24,1022,1020,1019,16,16,16,21,11,0,
22-09-2015,27,21,14,87,53,22,1023,1021,1020,16,16,16,21,7,0,
23-09-2015,27,22,16,70,52,28,1025,1023,1022,16,16,16,24,10,0,
24-09-2015,26,21,17,75,61,38,1025,1024,1023,16,16,16,21,10,0,
25-09-2015,24,21,18,81,68,52,1024,1023,1022,16,16,16,27,15,0,
26-09-2015,24,21,16,81,62,44,1025,1023,1021,16,16,16,26,14,0,
27-09-2015,24,22,19,81,71,55,1021,1018,1016,16,16,16,21,11,T,Rain
28-09-2015,27,23,19,84,69,46,1016,1015,1013,16,16,16,23,9,0,
29-09-2015,22,19,15,87,72,56,1020,1016,1012,16,16,6,39,23,T,
30-09-2015,17,15,13,64,54,36,1024,1022,1020,16,16,16,40,28,0,
01-10-2015,16,14,12,62,53,40,1027,1026,1024,16,16,16,52,33,0,
02-10-2015,17,14,12,66,53,31,1027,1026,1025,16,16,16,45,36,0,
03-10-2015,13,11,9,83,67,50,1024,1023,1022,16,14,3,42,31,1.02,Rain
04-10-2015,16,13,11,83,77,67,1023,1022,1021,16,16,14,29,21,0,
05-10-2015,16,15,14,89,83,71,1023,1021,1021,14,10,5,21,13,0,
06-10-2015,20,17,14,90,78,51,1022,1021,1019,16,12,2,14,9,T,
07-10-2015,23,18,13,89,74,49,1021,1020,1019,16,14,5,24,12,0,
08-10-2015,26,19,13,80,63,38,1020,1014,1011,16,16,11,35,14,T,Thunderstorm
09-10-2015,19,14,9,77,65,38,1024,1019,1012,16,16,13,34,18,0,
10-10-2015,19,13,7,86,60,32,1024,1020,1014,16,16,16,24,11,0,
11-10-2015,27,19,12,71,50,26,1014,1008,1004,16,16,16,39,20,0,
12-10-2015,25,19,13,70,48,18,1003,1000,998,16,16,14,52,24,0,
13-10-2015,18,14,11,66,56,35,1011,1006,1001,16,16,16,35,17,0,
14-10-2015,18,13,7,76,54,23,1017,1015,1011,16,16,16,26,11,0,
15-10-2015,22,16,9,61,41,14,1021,1016,1013,16,16,16,47,19,0,
16-10-2015,13,9,6,60,43,22,1027,1025,1021,16,16,16,29,17,0,
17-10-2015,12,7,2,63,41,17,1032,1030,1027,16,16,16,29,13,0,
18-10-2015,16,9,2,70,44,14,1033,1030,1027,16,16,16,16,7,0,
19-10-2015,23,16,8,42,31,16,1027,1020,1016,16,16,16,47,28,0,
20-10-2015,25,19,13,75,38,16,1021,1019,1016,16,16,14,35,18,2.29,Rain
21-10-2015,25,20,15,70,57,38,1020,1019,1015,16,16,16,35,19,0,
22-10-2015,18,16,13,70,60,45,1026,1024,1019,16,16,16,24,15,0,
23-10-2015,19,16,12,87,63,39,1025,1019,1012,16,15,10,32,18,1.02,Rain
24-10-2015,20,16,11,87,74,51,1020,1012,1008,16,15,2,48,24,3.05,Rain
25-10-2015,17,12,6,85,58,24,1029,1027,1021,16,16,16,21,7,0,
26-10-2015,17,11,6,74,57,34,1030,1028,1026,16,16,16,24,12,0,
27-10-2015,14,12,11,89,68,43,1026,1017,1007,16,12,2,37,20,9.65,Rain
28-10-2015,14,9,4,93,83,51,1006,999,996,16,9,2,53,23,4.06,Rain
29-10-2015,9,6,3,74,65,52,1015,1007,1001,16,16,16,42,24,T,
30-10-2015,14,8,3,89,64,35,1021,1019,1016,16,16,16,21,9,0,
31-10-2015,12,10,8,90,81,61,1017,1010,1005,16,10,2,39,18,19.3,Rain
01-11-2015,18,13,8,86,62,30,1015,1012,1008,16,16,13,27,17,0,
02-11-2015,23,17,10,80,53,20,1016,1015,1014,16,16,16,34,17,0,
03-11-2015,23,17,10,94,72,39,1021,1019,1016,16,14,2,24,9,0,
04-11-2015,23,17,10,96,81,49,1021,1019,1017,16,10,0,26,11,0,Fog
05-11-2015,22,19,16,87,72,47,1017,1013,1005,16,15,8,40,24,T,Rain
06-11-2015,19,13,6,87,72,53,1023,1013,1003,16,13,2,48,22,11.94,Rain
07-11-2015,13,8,3,82,58,27,1030,1027,1023,16,16,16,39,14,0,
08-11-2015,12,7,1,79,49,20,1032,1029,1027,16,16,16,16,6,0,
09-11-2015,13,8,2,73,53,20,1027,1024,1021,16,16,16,19,6,0,
10-11-2015,14,9,3,77,54,24,1021,1019,1016,16,16,14,14,6,0,
11-11-2015,18,12,6,89,63,39,1015,1004,992,16,13,1,53,21,18.54,"Rain , Thunderstorm"
12-11-2015,14,11,7,82,69,41,1012,1001,991,16,13,3,61,37,0.51,Rain
13-11-2015,9,6,2,67,50,22,1025,1019,1013,16,16,16,48,25,0,
14-11-2015,14,7,-1,72,51,25,1027,1024,1022,16,16,16,29,14,0,
15-11-2015,19,13,7,60,42,17,1025,1023,1022,16,16,16,34,16,0,
16-11-2015,14,12,9,86,60,30,1022,1020,1018,16,15,3,34,17,0.76,Rain
17-11-2015,17,13,9,88,78,55,1018,1011,1006,16,13,2,47,26,11.18,Rain
18-11-2015,17,14,10,83,67,48,1005,1001,998,16,13,2,58,30,6.6,Rain
19-11-2015,10,7,3,76,51,25,1021,1013,1005,16,16,16,52,30,T,
20-11-2015,6,3,1,89,58,22,1027,1025,1022,16,10,1,26,16,3.05,Snow
21-11-2015,2,-2,-6,96,88,61,1024,1017,1013,16,5,0,45,21,13.97,"Fog , Rain , Snow"
22-11-2015,-2,-6,-11,84,69,47,1025,1023,1019,16,16,16,23,13,0,
23-11-2015,4,1,-3,79,69,52,1024,1019,1016,16,16,16,24,14,0,
24-11-2015,7,2,-3,85,72,46,1029,1026,1024,16,15,11,24,9,0,
25-11-2015,12,8,4,73,58,44,1026,1024,1022,16,16,11,34,20,0.51,Rain
26-11-2015,17,13,10,83,76,64,1025,1023,1021,16,12,3,35,24,13.72,Rain
27-11-2015,14,9,3,90,82,64,1030,1027,1020,16,8,3,39,26,20.57,Rain
28-11-2015,4,3,2,73,66,50,1030,1029,1028,16,16,16,29,20,T,Rain
29-11-2015,6,3,-1,75,64,36,1030,1028,1025,16,16,16,24,14,0,
30-11-2015,8,6,4,93,67,48,1025,1019,1012,16,13,2,34,19,3.81,Rain
01-12-2015,7,6,4,93,76,46,1011,1010,1009,16,12,2,39,18,3.81,"Rain , Thunderstorm"
02-12-2015,4,2,1,89,79,60,1019,1010,1007,16,9,1,29,14,3.3,"Fog , Rain , Snow"
03-12-2015,3,1,-1,82,77,63,1031,1027,1020,16,12,8,27,16,0,
04-12-2015,9,5,1,93,81,47,1037,1035,1031,16,7,1,26,15,0,
05-12-2015,7,3,-1,93,83,51,1039,1036,1032,16,9,1,21,12,0,Fog
06-12-2015,9,4,0,86,72,44,1032,1027,1024,16,15,13,16,9,0,
07-12-2015,4,3,1,96,87,80,1025,1022,1017,11,4,0,27,11,T,Fog
08-12-2015,9,7,4,83,76,61,1017,1013,1007,16,12,8,26,17,0,
09-12-2015,13,9,6,86,72,48,1009,1007,1004,16,14,5,24,14,0,
10-12-2015,16,11,6,76,61,42,1008,1003,998,16,16,16,56,25,0,
11-12-2015,13,10,7,77,57,34,1011,1009,1003,16,16,11,29,12,T,Rain
12-12-2015,16,13,11,93,86,74,1015,1013,1009,16,5,1,19,7,T,Rain
13-12-2015,18,15,12,89,84,75,1014,1008,997,16,12,3,34,20,19.81,"Rain , Thunderstorm"
14-12-2015,17,12,6,83,76,59,1002,994,989,16,15,10,63,24,9.4,Rain
15-12-2015,7,6,5,82,73,57,1014,1011,1002,16,16,14,26,14,T,
16-12-2015,13,7,2,83,73,48,1012,1006,1001,16,14,3,45,25,2.29,Rain
17-12-2015,2,1,-1,69,61,41,1016,1012,1007,16,16,16,40,23,0,
18-12-2015,1,-1,-3,75,58,36,1021,1016,1014,16,15,3,39,21,T,Snow
19-12-2015,0,-4,-8,66,54,31,1031,1028,1020,16,16,16,35,17,T,
20-12-2015,11,4,-2,68,50,27,1028,1018,1012,16,16,16,42,25,0.76,Rain
21-12-2015,12,9,6,93,83,73,1011,1008,1005,16,10,2,35,18,18.29,Rain
22-12-2015,7,5,3,89,82,71,1012,1010,1007,16,9,1,26,14,0.25,Rain
23-12-2015,16,11,6,93,84,62,1006,995,987,16,7,1,71,26,21.34,"Fog , Rain , Thunderstorm"
24-12-2015,7,4,2,76,66,51,1018,1012,1001,16,16,16,50,19,T,Rain
25-12-2015,8,5,2,83,72,54,1029,1026,1019,16,16,13,26,15,0,
26-12-2015,7,6,5,93,81,54,1026,1019,1015,16,8,2,32,17,6.1,Rain
27-12-2015,6,4,2,89,73,57,1029,1024,1018,16,14,5,47,31,4.06,Rain
28-12-2015,6,3,0,93,80,53,1027,1011,998,16,8,2,52,34,46.23,"Rain , Snow"
29-12-2015,5,2,-1,85,78,62,1023,1013,1001,16,15,3,37,22,T,Snow
30-12-2015,-1,-1,-2,88,76,58,1025,1023,1022,16,10,0,24,14,1.52,"Fog , Snow"
31-12-2015,-2,-3,-4,75,68,51,1027,1026,1023,16,16,14,34,20,T,Snow
01-01-2016,-1,-3,-7,72,66,53,1025,1023,1021,16,15,10,39,23,T,Snow
02-01-2016,1,-2,-6,78,66,52,1022,1019,1015,16,16,16,35,19,0,
03-01-2016,-1,-2,-4,72,63,45,1027,1022,1015,16,16,16,34,19,T,Snow
04-01-2016,0,-2,-4,69,61,42,1035,1032,1027,16,15,5,35,18,T,Snow
05-01-2016,1,-2,-6,81,66,46,1036,1033,1029,16,16,16,27,15,0,
06-01-2016,4,0,-4,72,61,45,1029,1026,1023,16,16,16,24,13,0,
07-01-2016,6,4,2,65,55,40,1022,1019,1015,16,16,16,16,11,T,
08-01-2016,8,6,4,93,85,61,1014,1008,1006,16,6,2,19,12,4.57,Rain
09-01-2016,7,2,-3,93,87,78,1011,1009,1007,16,5,1,40,15,6.86,"Rain , Snow"
10-01-2016,-3,-9,-16,78,66,49,1021,1016,1008,16,16,11,42,28,T,Snow
11-01-2016,-3,-10,-17,81,72,52,1022,1013,1005,16,8,1,47,17,1.52,Snow
12-01-2016,-6,-10,-15,71,61,38,1025,1015,1005,16,12,3,47,25,T,Snow
13-01-2016,-2,-9,-17,76,67,52,1025,1018,1010,16,16,13,29,15,T,Snow
14-01-2016,7,3,-2,79,69,52,1009,1005,1001,16,16,16,34,18,0,
15-01-2016,6,3,0,86,78,67,1005,998,995,16,13,5,34,20,0.51,"Rain , Snow"
16-01-2016,0,-5,-10,69,60,45,1016,1011,1004,16,16,16,37,20,0,
17-01-2016,-10,-13,-17,61,52,31,1026,1021,1017,16,16,14,40,25,T,
18-01-2016,-12,-16,-19,61,52,30,1031,1028,1026,16,16,16,29,20,0,
19-01-2016,-8,-12,-17,64,51,28,1036,1033,1031,16,16,16,21,9,0,
20-01-2016,-4,-7,-11,81,70,50,1030,1026,1023,16,11,2,19,4,0.76,Snow
21-01-2016,0,-4,-9,81,67,40,1031,1029,1026,16,15,13,13,4,0,
22-01-2016,0,-3,-6,78,67,33,1027,1025,1024,16,11,2,32,18,0.25,Snow
23-01-2016,2,-1,-4,78,67,38,1025,1023,1019,16,15,11,19,10,T,Snow
24-01-2016,3,-1,-4,76,64,47,1019,1016,1014,16,16,11,27,13,0,
25-01-2016,6,2,-2,89,73,55,1014,1008,1003,16,11,2,45,17,1.52,Rain
26-01-2016,3,1,-3,89,71,48,1025,1016,1005,16,14,5,42,25,T,Snow
27-01-2016,2,-1,-3,70,59,38,1026,1021,1010,16,16,14,40,20,T,Snow
28-01-2016,5,2,-1,75,64,43,1012,1007,1004,16,16,13,37,23,T,"Rain , Snow"
29-01-2016,3,-1,-4,62,50,23,1018,1013,1006,16,16,16,29,17,0,
30-01-2016,9,6,2,79,67,47,1007,1005,1004,16,16,14,34,14,T,
31-01-2016,9,6,1,90,85,72,1011,1003,998,16,12,8,29,15,0.51,Rain
01-02-2016,8,4,-1,92,74,41,1021,1017,1012,16,15,11,13,7,0,
02-02-2016,4,3,2,100,86,67,1021,1006,998,14,5,0,42,18,2.03,"Fog , Rain , Thunderstorm"
03-02-2016,4,1,-2,100,82,62,1020,1005,998,16,11,0,39,21,T,"Fog , Rain , Snow"
04-02-2016,0,-3,-6,72,59,31,1026,1024,1020,16,16,14,29,16,T,Snow
05-02-2016,1,-1,-3,82,68,41,1029,1028,1025,16,15,1,21,11,T,Snow
06-02-2016,6,1,-3,78,67,43,1028,1024,1019,16,15,11,24,13,0,
07-02-2016,8,4,1,76,61,48,1018,1010,1006,16,16,16,37,20,0,
08-02-2016,1,-2,-5,82,71,51,1008,1006,1003,16,14,2,27,17,T,Snow
09-02-2016,-5,-7,-9,78,68,43,1016,1011,1007,16,8,2,34,22,T,Snow
10-02-2016,-7,-9,-12,61,52,32,1024,1020,1016,16,16,16,32,18,T,Snow
11-02-2016,-4,-8,-13,59,46,20,1029,1027,1024,16,16,16,23,11,0,
12-02-2016,-4,-8,-13,65,48,23,1034,1025,1021,16,15,3,47,25,T,Snow
13-02-2016,-7,-11,-16,52,38,16,1038,1036,1034,16,16,16,35,15,0,
14-02-2016,-7,-9,-11,78,65,36,1033,1024,1017,16,8,1,32,19,0.25,Snow
15-02-2016,-2,-4,-7,92,83,70,1017,1013,1010,10,6,3,19,11,T,Snow
16-02-2016,3,0,-3,82,75,50,1017,1012,1010,16,8,1,23,8,0.76,Snow
17-02-2016,2,0,-3,79,63,36,1030,1025,1017,16,14,8,21,10,0,
18-02-2016,6,1,-3,72,61,46,1031,1025,1013,16,16,14,40,23,0,
19-02-2016,18,12,6,59,51,35,1012,1006,999,16,16,16,72,38,0,
20-02-2016,16,11,6,63,47,26,1016,1012,1009,16,16,16,37,17,0,
21-02-2016,7,4,2,79,67,53,1024,1020,1016,16,16,16,27,18,0,
22-02-2016,7,3,-2,82,62,34,1024,1022,1021,16,16,16,19,6,0,
23-02-2016,8,4,-1,82,58,25,1022,1019,1014,16,15,11,29,15,0,
24-02-2016,4,2,0,88,73,44,1013,1004,1001,16,7,1,60,40,1.02,"Fog , Snow"
25-02-2016,3,2,0,75,57,34,1023,1015,1007,16,14,5,40,28,T,Snow
26-02-2016,2,0,-2,72,51,28,1026,1024,1021,16,16,16,35,15,T,Snow
27-02-2016,13,6,-2,75,56,23,1020,1014,1008,16,16,16,34,22,0,
28-02-2016,18,11,3,79,58,40,1009,1002,997,16,16,10,50,29,1.27,Rain
29-02-2016,13,6,-1,75,60,29,1018,1014,1010,16,16,16,40,26,T,Rain
01-03-2016,1,-3,-7,85,76,53,1020,1012,1007,16,11,1,45,28,1.52,"Fog , Rain , Snow"
02-03-2016,1,-4,-10,75,46,21,1024,1022,1020,16,16,3,23,11,T,Snow
03-03-2016,1,-1,-2,89,79,56,1021,1019,1017,16,8,2,27,15,1.27,Snow
04-03-2016,4,-1,-5,85,60,38,1025,1022,1018,16,13,2,24,13,0.76,Snow
05-03-2016,4,2,-2,85,75,53,1026,1020,1015,16,11,6,26,13,T,Snow
06-03-2016,12,7,2,70,61,40,1026,1020,1013,16,16,14,35,20,0,
07-03-2016,17,13,8,67,56,41,1013,1012,1011,16,16,16,34,20,T,
08-03-2016,23,19,14,72,60,40,1013,1011,1009,16,16,16,40,22,0,
09-03-2016,18,15,12,87,76,64,1015,1012,1009,16,15,6,27,16,1.52,Rain
10-03-2016,12,8,5,74,67,55,1025,1020,1016,16,16,14,26,14,0,
11-03-2016,12,7,3,82,64,32,1030,1027,1025,16,16,16,21,9,0,
12-03-2016,16,9,3,89,72,53,1024,1020,1014,16,11,4,19,8,T,
13-03-2016,10,8,6,100,91,66,1014,1009,1005,14,7,2,27,13,19.05,Rain
14-03-2016,12,9,6,100,87,63,1009,1006,1004,16,12,4,16,8,2.79,Rain
15-03-2016,18,13,8,90,77,58,1009,1004,994,16,10,2,45,19,2.29,"Rain , Thunderstorm"
16-03-2016,15,12,8,83,58,22,1009,1002,994,16,15,3,66,36,3.3,Rain
17-03-2016,14,11,6,58,40,18,1014,1011,1009,16,16,16,45,24,0,
18-03-2016,10,6,2,76,58,39,1022,1019,1014,16,16,16,26,17,0,
19-03-2016,8,6,2,76,66,48,1024,1022,1020,16,16,16,27,14,0,
20-03-2016,7,4,1,73,57,32,1024,1022,1021,16,16,16,32,14,0,
21-03-2016,10,5,0,70,47,23,1023,1020,1016,16,16,16,24,10,0,
22-03-2016,19,13,7,53,43,21,1015,1008,1003,16,16,16,37,23,0,
23-03-2016,8,6,4,93,80,65,1012,1010,1007,13,9,2,35,21,1.52,Rain
24-03-2016,4,2,-1,100,90,63,1013,1003,998,16,7,1,42,21,28.19,"Fog , Rain , Snow"
25-03-2016,7,3,-1,76,64,46,1022,1019,1013,16,16,16,29,11,0,
26-03-2016,13,7,2,82,63,38,1023,1021,1019,16,16,16,24,12,0,
27-03-2016,19,12,6,86,65,39,1019,1013,1010,16,15,5,37,16,4.32,Rain
28-03-2016,12,8,4,76,66,36,1024,1019,1012,16,16,16,34,14,0,
29-03-2016,16,9,2,83,52,18,1028,1025,1021,16,16,14,26,9,0,
30-03-2016,17,12,8,90,69,32,1020,1008,1000,16,12,2,45,23,9.65,"Rain , Thunderstorm"
31-03-2016,21,14,7,90,73,50,1002,996,990,16,15,4,52,27,1.27,"Rain , Thunderstorm"
01-04-2016,11,7,3,86,72,33,1011,1007,1002,16,16,13,47,14,2.79,Rain
02-04-2016,6,2,-2,85,59,27,1018,1007,1000,16,12,1,63,27,0.25,"Rain , Snow"
03-04-2016,22,11,-2,71,42,18,1018,1010,1001,16,16,16,53,27,T,Rain
04-04-2016,4,2,-1,79,66,43,1030,1022,1009,16,14,2,40,24,T,Snow
05-04-2016,8,3,-2,64,47,26,1033,1028,1017,16,16,14,35,17,0.51,Rain
06-04-2016,10,8,6,89,76,44,1014,1003,999,16,11,2,34,19,10.92,"Rain , Thunderstorm"
07-04-2016,6,4,2,82,68,40,1012,1005,1000,16,14,2,40,23,0.51,"Rain , Snow"
08-04-2016,7,3,-2,86,67,37,1017,1011,1008,16,13,1,48,22,2.03,"Rain , Snow"
09-04-2016,3,-1,-4,75,48,27,1027,1023,1016,16,16,6,40,20,T,Snow
10-04-2016,11,6,1,93,71,38,1021,1012,1007,16,12,2,40,21,3.3,"Rain , Snow"
11-04-2016,11,8,4,96,61,23,1022,1013,1008,16,14,5,37,17,0,
12-04-2016,8,4,1,68,46,25,1029,1028,1022,16,16,16,24,13,0,
13-04-2016,14,8,3,68,49,30,1029,1027,1024,16,16,16,26,13,0,
14-04-2016,16,11,4,58,40,16,1027,1025,1022,16,16,16,24,15,0,
15-04-2016,21,14,7,58,41,20,1025,1023,1022,16,16,16,24,13,0,
16-04-2016,25,17,9,66,43,18,1027,1025,1023,16,16,16,26,11,0,
17-04-2016,27,19,11,59,37,13,1030,1027,1026,16,16,16,27,11,0,
18-04-2016,28,20,12,55,34,12,1027,1024,1022,16,16,16,24,9,0,
19-04-2016,16,13,9,69,59,46,1024,1023,1021,16,16,16,34,18,0,
20-04-2016,23,18,12,87,50,28,1022,1017,1013,16,15,5,32,16,8.38,Rain
21-04-2016,22,18,13,93,71,28,1012,1010,1008,16,12,3,45,10,0.51,Rain
22-04-2016,14,11,7,86,71,53,1022,1016,1010,16,14,4,35,22,0,
23-04-2016,16,11,6,79,62,39,1024,1021,1018,16,16,16,21,12,0,
24-04-2016,27,17,8,73,51,24,1017,1013,1009,16,16,16,27,15,0,
25-04-2016,29,23,17,60,47,28,1009,1005,1001,16,16,16,39,23,0.25,"Rain , Thunderstorm"
26-04-2016,22,14,7,89,77,51,1014,1010,1004,16,12,2,39,24,0,
27-04-2016,10,8,6,86,75,66,1014,1012,1010,16,14,4,39,23,16,Rain
28-04-2016,11,9,7,90,81,66,1016,1012,1009,16,9,2,29,16,0,"Rain , Thunderstorm"
29-04-2016,11,9,7,89,76,56,1021,1019,1016,16,11,2,26,15,T,
30-04-2016,10,9,7,90,81,62,1020,1015,1012,16,8,2,39,24,18.03,Rain
01-05-2016,11,9,7,97,89,73,1016,1015,1013,16,8,2,29,19,9.65,"Rain , Thunderstorm"
02-05-2016,14,11,7,86,59,31,1018,1017,1016,16,16,16,34,19,T,
03-05-2016,20,13,6,74,46,23,1016,1012,1004,16,16,16,32,13,0,
04-05-2016,15,11,7,90,69,49,1012,1007,1002,16,14,4,45,24,10.16,Rain
05-05-2016,16,11,6,73,58,37,1017,1015,1011,16,16,16,45,17,T,Rain
06-05-2016,28,18,8,71,44,18,1016,1012,1006,16,16,16,26,12,0,
07-05-2016,22,16,9,67,39,14,1012,1009,1004,16,16,16,48,21,T,
08-05-2016,21,14,7,60,40,22,1014,1013,1012,16,16,16,24,8,0,
09-05-2016,16,13,11,93,74,52,1015,1014,1013,16,11,2,39,19,9.14,Rain
10-05-2016,22,17,12,93,88,66,1015,1012,1011,16,6,0,27,15,14.48,"Fog , Rain"
11-05-2016,21,17,13,97,88,69,1017,1016,1014,16,5,0,24,10,0.51,"Fog , Rain"
12-05-2016,22,17,13,93,75,44,1015,1013,1012,16,11,3,35,17,26.16,"Rain , Thunderstorm"
13-05-2016,19,13,7,90,68,34,1017,1013,1009,16,12,2,45,18,16.76,Rain
14-05-2016,9,8,6,80,57,33,1018,1015,1011,16,16,11,37,21,T,Rain
15-05-2016,14,9,3,76,43,19,1021,1020,1018,16,16,16,39,16,0,
16-05-2016,22,15,8,55,43,22,1021,1020,1018,16,16,16,34,21,0,
17-05-2016,14,12,9,80,58,30,1025,1023,1021,16,16,16,27,14,0.25,Rain
18-05-2016,19,13,7,64,52,36,1025,1023,1023,16,16,16,26,10,0,
19-05-2016,21,14,7,74,37,10,1024,1022,1021,16,16,16,23,9,0,
20-05-2016,20,16,12,57,43,26,1022,1020,1019,16,16,16,24,12,0,
21-05-2016,24,19,13,49,32,14,1020,1019,1018,16,16,16,32,14,0,
22-05-2016,26,19,12,59,40,19,1019,1017,1015,16,16,16,24,11,0,
23-05-2016,29,21,12,67,35,9,1017,1015,1012,16,16,16,26,11,0,
24-05-2016,32,25,18,49,35,14,1015,1014,1012,16,16,16,34,17,0,
25-05-2016,32,26,18,94,69,23,1015,1013,1010,16,13,1,56,16,25.91,"Fog , Rain , Thunderstorm"
26-05-2016,29,24,18,87,65,37,1013,1011,1008,16,16,13,26,15,T,
27-05-2016,29,25,21,87,73,49,1013,1011,1009,16,15,3,48,18,3.56,"Rain , Thunderstorm"
28-05-2016,28,25,21,81,64,48,1014,1012,1010,16,16,16,37,23,T,
29-05-2016,27,23,18,84,56,36,1015,1014,1013,16,16,16,37,18,T,
30-05-2016,31,24,18,73,51,29,1016,1015,1013,16,16,16,27,12,0,
31-05-2016,29,24,18,90,67,36,1016,1015,1013,16,13,2,63,14,24.64,"Rain , Thunderstorm"
01-06-2016,27,23,18,90,73,45,1015,1013,1012,16,12,3,26,10,7.62,Rain
02-06-2016,27,22,17,78,51,26,1017,1015,1014,16,16,16,27,13,0,
03-06-2016,29,23,17,67,47,26,1018,1016,1014,16,16,16,21,9,0,
04-06-2016,24,22,19,84,68,43,1013,1009,1004,16,15,11,26,14,0.51,Rain
05-06-2016,27,22,17,84,61,27,1006,1004,1003,16,16,10,45,19,4.83,Rain
06-06-2016,29,23,17,87,50,18,1006,1004,1002,16,16,16,45,20,0,
07-06-2016,20,17,13,72,62,47,1013,1010,1006,16,16,16,29,15,0,
08-06-2016,21,17,12,83,59,34,1016,1015,1012,16,16,16,26,13,0,
09-06-2016,23,19,14,81,66,41,1016,1015,1013,16,16,16,24,12,1.52,Rain
10-06-2016,34,27,18,87,57,23,1015,1013,1010,16,16,14,37,17,T,"Rain , Thunderstorm"
11-06-2016,34,29,24,65,49,31,1014,1012,1010,16,16,16,29,16,0,
12-06-2016,27,22,16,67,40,18,1022,1019,1014,16,16,16,37,21,0,
13-06-2016,31,23,16,65,43,26,1019,1014,1011,16,16,16,29,9,T,
14-06-2016,31,26,21,72,58,45,1012,1009,1007,16,16,16,29,15,T,"Rain , Thunderstorm"
15-06-2016,33,27,21,93,66,38,1009,1006,1004,16,15,3,37,17,2.54,"Rain , Thunderstorm"
16-06-2016,27,23,18,75,66,53,1014,1010,1005,16,16,14,32,19,0,
17-06-2016,30,24,17,78,49,20,1020,1017,1014,16,16,16,29,15,0,
18-06-2016,31,24,18,67,42,19,1023,1022,1019,16,16,16,24,10,0,
19-06-2016,33,27,21,55,43,21,1023,1021,1017,16,16,16,27,13,0,
20-06-2016,33,28,23,67,54,31,1018,1016,1013,16,16,14,39,21,0,Rain
21-06-2016,29,24,19,60,39,19,1016,1014,1011,16,16,16,34,14,0,
22-06-2016,25,23,20,90,76,45,1014,1010,1006,16,15,1,52,14,17.53,"Fog , Rain , Thunderstorm"
23-06-2016,27,23,19,93,78,56,1014,1011,1007,16,12,2,24,12,0,
24-06-2016,28,24,19,79,56,35,1018,1017,1015,16,16,16,26,13,0,
25-06-2016,33,27,22,70,54,34,1019,1016,1014,16,16,16,34,15,0,
26-06-2016,32,28,24,87,59,31,1016,1014,1013,16,16,6,27,14,5.08,"Rain , Thunderstorm"
27-06-2016,33,27,21,71,49,22,1017,1015,1014,16,16,16,39,17,0,
28-06-2016,23,19,16,73,56,21,1021,1020,1017,16,16,16,32,18,0,
29-06-2016,26,20,14,78,47,24,1021,1019,1017,16,16,16,26,13,0,
30-06-2016,26,22,18,63,45,29,1017,1014,1012,16,16,16,27,15,0,
01-07-2016,23,21,18,81,58,27,1021,1017,1011,16,16,16,32,18,0,
02-07-2016,25,20,15,67,46,24,1022,1020,1019,16,16,16,24,8,0,
03-07-2016,26,21,17,63,54,35,1019,1017,1014,16,16,16,27,13,0,
04-07-2016,27,23,19,79,68,49,1014,1011,1009,16,15,11,23,10,0,
05-07-2016,31,26,21,87,63,35,1012,1011,1009,16,15,10,24,12,0,
06-07-2016,32,26,20,90,74,38,1013,1010,1007,16,13,2,32,14,35.56,"Rain , Thunderstorm"
07-07-2016,29,26,22,87,74,54,1010,1008,1007,16,16,13,21,9,1.02,Rain
08-07-2016,31,26,21,96,70,27,1011,1009,1008,16,10,0,40,17,0,Fog
09-07-2016,26,23,19,79,57,41,1017,1015,1011,16,16,16,29,17,0,
10-07-2016,29,23,18,78,54,32,1018,1016,1013,16,16,16,23,9,0,
11-07-2016,33,28,23,71,58,35,1014,1013,1011,16,16,16,34,19,0,
12-07-2016,32,28,24,82,63,38,1011,1010,1008,16,16,14,34,21,0,
13-07-2016,31,26,21,87,74,57,1013,1010,1005,16,15,2,48,16,0,"Rain , Thunderstorm"
14-07-2016,31,26,21,90,61,33,1012,1010,1009,16,15,11,42,20,0,
15-07-2016,25,22,18,81,66,45,1018,1015,1012,16,16,16,27,15,0.25,Rain
16-07-2016,25,21,17,80,58,36,1021,1019,1018,16,16,16,23,11,0,
17-07-2016,30,25,19,87,68,44,1018,1016,1013,16,15,2,40,19,19.56,"Rain , Thunderstorm"
18-07-2016,31,26,21,90,68,38,1021,1019,1016,16,16,3,23,8,0.25,"Rain , Thunderstorm"
19-07-2016,31,26,21,81,58,38,1023,1022,1021,16,16,16,23,9,0,
20-07-2016,32,28,23,79,64,50,1022,1020,1018,16,16,16,24,11,0,
21-07-2016,32,28,24,91,75,59,1019,1016,1013,16,14,1,53,16,18.54,"Rain , Thunderstorm"
22-07-2016,33,28,23,91,70,48,1016,1014,1013,16,16,14,34,12,0.25,Rain
23-07-2016,33,28,22,94,73,45,1017,1014,1012,16,15,2,50,10,33.02,"Rain , Thunderstorm"
24-07-2016,34,29,23,90,75,54,1015,1011,1009,16,16,6,47,20,5.08,"Rain , Thunderstorm"
25-07-2016,31,27,23,82,57,38,1016,1014,1013,16,16,16,26,13,0,
26-07-2016,31,27,23,74,53,36,1017,1016,1014,16,16,14,23,8,0,
27-07-2016,32,27,22,78,54,33,1016,1014,1012,16,16,14,24,8,0,
28-07-2016,29,26,22,87,74,57,1013,1011,1010,16,14,10,37,8,3.81,"Rain , Thunderstorm"
29-07-2016,28,24,21,93,79,56,1014,1012,1012,16,13,5,26,12,8.38,"Rain , Thunderstorm"
30-07-2016,26,24,22,84,73,56,1015,1014,1012,16,16,16,27,17,T,
31-07-2016,28,24,19,87,71,49,1017,1016,1014,16,16,16,23,11,0,
01-08-2016,28,25,21,84,67,47,1018,1017,1016,16,16,16,23,11,0,
02-08-2016,31,27,23,82,61,42,1018,1017,1016,16,16,16,24,9,0,
03-08-2016,32,28,23,74,57,38,1017,1016,1014,16,16,16,23,8,0,
04-08-2016,33,29,24,74,55,32,1015,1013,1010,16,16,14,34,12,0,
05-08-2016,31,27,23,79,68,41,1013,1011,1008,16,16,16,24,12,T,Rain
06-08-2016,28,24,19,71,56,30,1015,1014,1013,16,16,16,23,11,0,
07-08-2016,29,24,19,76,56,27,1017,1016,1015,16,16,16,26,12,0,
08-08-2016,29,27,23,71,55,34,1017,1016,1014,16,16,16,27,16,0,
09-08-2016,32,27,22,64,49,29,1016,1015,1013,16,16,16,21,8,0,Tornado
10-08-2016,33,28,23,73,55,35,1018,1016,1015,16,16,16,24,9,0,
11-08-2016,34,30,25,82,62,45,1016,1012,1010,16,16,14,40,18,0,
12-08-2016,29,27,24,94,84,68,1011,1009,1007,16,11,1,34,9,56.13,"Fog , Rain , Thunderstorm"
13-08-2016,29,27,24,94,78,49,1013,1008,1006,16,13,2,29,14,1.02,Rain
14-08-2016,29,25,21,87,62,39,1018,1015,1013,16,16,16,23,9,0,
15-08-2016,26,24,22,91,82,67,1018,1015,1012,16,14,3,29,13,6.35,Rain
16-08-2016,29,26,22,93,75,47,1018,1015,1012,16,14,2,21,12,1.02,Rain
17-08-2016,31,27,22,84,63,40,1018,1017,1015,16,16,16,27,11,T,
18-08-2016,30,26,22,97,78,60,1018,1016,1012,16,13,1,26,13,36.07,"Fog , Rain , Thunderstorm"
19-08-2016,29,26,22,82,68,38,1015,1012,1009,16,16,16,42,13,T,"Rain , Thunderstorm"
20-08-2016,28,23,19,91,79,53,1009,1004,1001,16,14,2,42,19,25.65,"Rain , Thunderstorm"
21-08-2016,25,21,16,83,60,29,1018,1012,1007,16,16,16,32,14,0,
22-08-2016,26,21,15,78,55,30,1022,1021,1019,16,16,16,23,8,0,
23-08-2016,28,23,18,75,58,35,1023,1021,1017,16,16,16,29,17,0,
24-08-2016,29,26,22,91,75,54,1018,1015,1012,16,15,5,32,18,7.62,Rain
25-08-2016,29,26,22,90,75,41,1018,1015,1013,16,16,11,21,12,1.52,"Rain , Thunderstorm"
26-08-2016,27,24,20,81,66,48,1021,1019,1018,16,16,14,24,11,0.76,Rain
27-08-2016,30,26,21,94,79,50,1019,1017,1015,16,11,2,24,12,22.61,"Rain , Thunderstorm"
28-08-2016,28,26,23,87,75,58,1023,1021,1018,16,16,14,23,11,0,
29-08-2016,32,28,23,85,72,50,1023,1022,1020,16,16,14,23,10,T,"Rain , Thunderstorm"
30-08-2016,29,27,23,94,76,52,1021,1019,1016,16,12,4,29,8,4.32,"Rain , Thunderstorm"
31-08-2016,26,23,21,87,64,39,1018,1017,1015,16,16,16,35,20,0,
01-09-2016,23,21,18,76,64,43,1023,1021,1019,16,16,16,40,19,T,Rain
02-09-2016,24,21,18,75,59,41,1025,1023,1022,16,16,16,27,17,0,
03-09-2016,25,21,16,75,60,39,1024,1022,1021,16,16,16,23,11,0,
04-09-2016,27,22,17,79,57,34,1022,1021,1019,16,16,16,24,12,0,
05-09-2016,32,26,19,71,62,42,1019,1017,1015,16,16,16,32,16,0,
06-09-2016,34,29,24,85,66,43,1017,1016,1014,16,16,16,32,18,T,
07-09-2016,34,29,24,82,65,34,1015,1013,1011,16,16,16,37,19,0.25,"Rain , Thunderstorm"
08-09-2016,28,25,22,100,81,62,1013,1011,1009,16,14,6,27,14,5.33,Rain
09-09-2016,27,24,21,84,72,62,1014,1012,1009,16,16,16,27,7,0.51,Rain
10-09-2016,24,21,17,90,72,37,1019,1012,1008,16,16,8,35,16,0.76,Rain
11-09-2016,24,19,13,87,55,26,1023,1021,1019,16,16,16,21,9,0,
12-09-2016,27,22,16,70,51,27,1020,1018,1016,16,16,16,32,15,0,
13-09-2016,31,24,18,84,61,43,1020,1017,1016,16,16,16,29,15,T,Rain
14-09-2016,24,22,19,87,66,34,1024,1022,1020,16,16,4,26,16,0.25,Rain
15-09-2016,26,22,18,78,61,46,1024,1022,1018,16,16,16,26,14,0,
16-09-2016,29,24,19,79,64,49,1018,1014,1011,16,16,16,35,18,0.76,Rain
17-09-2016,28,24,20,90,68,35,1014,1012,1011,16,16,11,29,13,0.76,Rain
18-09-2016,28,23,17,78,58,21,1015,1014,1013,16,16,16,16,7,0,
19-09-2016,32,24,17,76,46,17,1017,1015,1014,16,16,16,32,15,0,
20-09-2016,29,26,22,81,52,16,1021,1020,1017,16,16,16,26,14,0,
21-09-2016,25,23,20,87,72,60,1024,1020,1016,16,16,11,42,12,6.1,"Rain , Thunderstorm"
22-09-2016,29,25,20,81,62,36,1018,1016,1014,16,16,16,16,7,T,
23-09-2016,24,23,21,87,78,66,1020,1018,1015,16,13,6,27,16,0,
24-09-2016,24,22,19,81,74,60,1022,1020,1019,16,16,14,24,16,0,
25-09-2016,30,24,18,76,64,51,1019,1015,1011,16,16,16,40,16,0.25,Thunderstorm
26-09-2016,22,18,14,78,43,14,1015,1014,1013,16,16,16,42,22,0.51,Rain
27-09-2016,22,17,12,65,38,13,1012,1009,1007,16,16,16,42,21,0,
28-09-2016,17,14,11,87,77,60,1018,1013,1007,16,14,3,39,19,6.1,"Rain , Thunderstorm"
29-09-2016,20,18,16,90,79,65,1023,1021,1017,16,13,2,42,27,3.05,Rain
30-09-2016,19,18,16,90,84,71,1021,1020,1017,16,11,2,34,22,5.59,Rain
01-10-2016,18,17,15,93,87,75,1017,1016,1014,16,14,2,21,10,32.77,Rain
02-10-2016,19,17,14,96,83,65,1019,1017,1015,16,13,1,19,11,T,
03-10-2016,19,18,16,87,75,53,1020,1018,1017,16,16,13,14,7,0,
04-10-2016,24,21,17,84,66,41,1018,1016,1014,16,16,16,26,14,0,
05-10-2016,28,23,18,73,58,33,1017,1014,1012,16,16,16,34,15,0,
06-10-2016,24,21,16,96,84,70,1020,1017,1015,16,13,3,32,9,19.3,"Rain , Thunderstorm"
07-10-2016,22,16,9,79,63,40,1023,1018,1014,16,16,16,34,17,0,
08-10-2016,19,13,7,74,56,30,1026,1025,1023,16,16,16,24,9,0,
09-10-2016,17,14,10,80,62,41,1028,1027,1025,16,16,16,27,13,0,
10-10-2016,23,17,10,71,55,30,1028,1026,1023,16,16,16,16,11,0,
11-10-2016,24,20,16,69,52,27,1023,1020,1016,16,16,16,34,15,T,Rain
12-10-2016,20,14,8,90,79,54,1022,1015,1012,16,13,2,35,20,11.94,"Rain , Thunderstorm"
13-10-2016,14,10,5,79,61,27,1028,1025,1022,16,16,16,26,8,0,
14-10-2016,20,13,6,80,58,29,1026,1023,1019,16,16,16,27,12,0,
15-10-2016,22,17,12,93,78,60,1019,1015,1013,16,14,4,37,20,0,
16-10-2016,22,21,18,93,83,69,1013,1011,1009,16,13,2,27,14,13.72,"Rain , Thunderstorm"
17-10-2016,29,25,21,84,67,39,1009,1003,998,16,16,16,53,28,0,
18-10-2016,26,20,14,78,64,36,1014,1005,999,16,16,14,42,18,0,
19-10-2016,22,17,12,77,55,36,1020,1018,1014,16,16,16,21,8,T,
20-10-2016,16,12,8,87,72,45,1022,1020,1018,16,16,16,37,23,0,
21-10-2016,13,9,4,68,54,32,1022,1021,1021,16,16,16,32,18,0,
22-10-2016,16,10,3,68,55,32,1021,1019,1015,16,16,16,27,12,0,
23-10-2016,23,16,8,83,60,31,1020,1014,1010,16,16,16,40,17,0,
24-10-2016,14,10,6,76,62,41,1030,1027,1021,16,16,16,26,12,0,
25-10-2016,12,9,6,82,63,38,1032,1030,1028,16,16,16,26,12,0.51,Rain
26-10-2016,11,9,8,94,84,56,1028,1019,1014,16,7,2,39,17,21.34,Rain
27-10-2016,11,9,7,94,75,50,1025,1022,1015,16,14,2,32,13,0,
28-10-2016,19,13,6,86,74,56,1025,1020,1013,16,16,13,35,19,0,
29-10-2016,23,19,14,83,72,55,1016,1013,1011,16,16,11,32,16,0,
30-10-2016,14,11,7,86,73,56,1024,1020,1014,16,15,6,34,18,7.62,"Rain , Thunderstorm"
31-10-2016,14,11,7,82,70,52,1023,1018,1011,16,16,16,23,11,0,
01-11-2016,25,21,17,78,64,41,1016,1012,1010,16,16,16,29,14,0,
02-11-2016,19,17,14,93,83,62,1020,1019,1016,16,8,2,24,9,7.62,"Rain , Thunderstorm"
03-11-2016,19,15,11,93,76,47,1027,1023,1020,16,11,2,26,9,0,
04-11-2016,17,13,8,83,63,31,1031,1029,1028,16,16,16,13,6,0,
05-11-2016,21,14,8,82,65,37,1029,1027,1025,16,16,16,24,12,0,
06-11-2016,21,15,9,83,62,32,1029,1027,1026,16,16,14,14,6,0,
07-11-2016,19,14,9,77,57,28,1027,1025,1023,16,16,16,21,9,0,
08-11-2016,18,14,11,83,63,40,1026,1023,1020,16,16,11,39,18,0.51,
09-11-2016,14,11,6,74,54,25,1028,1026,1024,16,16,16,34,12,0,
10-11-2016,18,12,6,63,49,23,1023,1018,1014,16,16,16,42,23,0,
11-11-2016,12,9,7,66,56,40,1031,1026,1017,16,16,16,45,23,T,
12-11-2016,11,7,2,73,57,34,1032,1029,1025,16,16,16,24,11,0,
13-11-2016,14,8,3,73,52,24,1025,1021,1016,16,16,16,34,18,0,
14-11-2016,16,11,5,80,62,42,1016,1013,1011,16,16,14,24,12,0,
15-11-2016,13,8,4,93,82,60,1013,1012,1011,14,8,0,14,6,0,Fog
16-11-2016,16,11,5,89,76,60,1014,1013,1011,16,13,10,16,7,0,
17-11-2016,23,17,9,74,56,32,1013,1009,1006,16,15,10,35,21,0,
18-11-2016,19,12,4,81,61,43,1013,1009,1006,16,16,8,52,29,3.05,"Rain , Thunderstorm"
19-11-2016,4,2,-2,67,54,33,1027,1020,1013,16,16,16,52,28,T,Snow
20-11-2016,2,-1,-4,63,52,30,1029,1028,1027,16,16,16,27,14,0,
21-11-2016,6,1,-4,71,56,29,1028,1027,1027,16,16,16,14,7,0,
22-11-2016,5,2,-1,75,63,48,1029,1026,1022,16,16,16,24,12,0.25,Rain
23-11-2016,8,6,3,93,86,67,1022,1016,1013,16,5,2,26,15,5.08,Rain
24-11-2016,7,5,3,82,77,67,1026,1022,1015,16,14,10,26,14,T,
25-11-2016,6,3,1,79,74,60,1028,1027,1025,16,15,10,26,13,T,Rain
26-11-2016,9,5,1,82,72,56,1029,1026,1021,16,16,14,24,13,0,
27-11-2016,8,5,2,89,81,58,1021,1016,1007,16,9,2,35,16,1.27,Rain
28-11-2016,12,9,6,100,87,69,1006,995,988,16,11,3,40,26,24.38,Rain
29-11-2016,14,11,7,86,72,44,1002,999,992,16,16,13,35,19,0,
30-11-2016,8,6,2,89,69,57,1006,1004,1002,16,16,11,34,19,T,
01-12-2016,6,4,3,79,73,57,1017,1012,1006,16,16,13,35,21,T,Snow
02-12-2016,5,3,2,86,69,47,1028,1022,1016,16,16,2,24,14,0.51,Rain
03-12-2016,2,1,-1,73,62,46,1029,1028,1027,16,16,16,23,10,0,
04-12-2016,2,1,-1,92,81,59,1025,1017,1012,16,7,0,24,8,11.43,"Fog , Snow"
05-12-2016,2,1,1,89,85,75,1019,1017,1014,16,10,5,32,15,0,
06-12-2016,4,1,-2,92,79,52,1016,1011,1007,16,9,2,39,15,0,
07-12-2016,-1,-3,-4,66,63,51,1023,1021,1017,16,16,16,40,24,T,Snow
08-12-2016,-4,-6,-8,72,63,50,1032,1028,1023,16,15,10,40,25,T,Snow
09-12-2016,-3,-5,-7,75,65,41,1036,1034,1032,16,16,16,24,15,T,Snow
10-12-2016,-4,-5,-7,85,72,47,1036,1031,1026,16,9,2,24,13,2.29,Snow
11-12-2016,2,-1,-4,92,83,70,1026,1015,1007,16,4,1,29,15,7.62,"Fog , Snow"
12-12-2016,1,-4,-10,82,74,60,1022,1017,1009,14,12,10,34,17,T,
13-12-2016,-4,-9,-15,82,64,40,1027,1023,1019,16,12,2,24,14,T,Snow
14-12-2016,-6,-11,-16,64,54,34,1028,1025,1022,16,16,14,45,24,T,Snow
15-12-2016,-12,-14,-17,64,56,41,1034,1032,1028,16,16,16,27,17,0,
16-12-2016,-5,-8,-12,85,66,38,1030,1017,1006,16,9,2,26,13,0.51,Snow
17-12-2016,-3,-5,-7,84,77,61,1015,1008,1004,16,7,2,40,13,1.02,Snow
18-12-2016,-7,-13,-21,78,63,35,1043,1031,1014,16,12,2,40,20,T,Snow
19-12-2016,-9,-15,-21,72,59,33,1044,1040,1033,16,16,16,29,17,0,
20-12-2016,-1,-5,-9,71,55,36,1032,1025,1022,16,16,16,42,25,0,
21-12-2016,3,-1,-6,75,65,46,1023,1019,1014,16,16,14,27,14,0,
22-12-2016,4,1,-3,81,67,47,1029,1026,1018,16,16,13,24,14,0,
23-12-2016,3,1,-2,89,78,63,1028,1020,1013,16,10,2,23,13,1.27,"Rain , Snow"
24-12-2016,3,2,1,100,85,71,1030,1023,1014,16,9,2,19,8,T,Rain
25-12-2016,6,3,1,97,88,78,1031,1025,1016,11,6,1,32,19,1.02,Rain
26-12-2016,13,6,-1,100,75,34,1019,1014,1011,16,12,2,53,29,6.1,Rain
27-12-2016,0,-2,-3,78,65,48,1023,1021,1019,16,16,16,42,19,0,
28-12-2016,7,1,-4,85,65,38,1023,1014,1009,16,16,16,42,18,0,
29-12-2016,2,1,-1,73,62,41,1016,1012,1008,16,16,16,47,26,T,Snow
30-12-2016,3,-1,-4,66,54,36,1020,1015,1005,16,16,16,39,20,T,Snow
31-12-2016,6,2,-3,75,52,31,1016,1007,1002,16,16,16,37,21,0,
01-01-2017,4,-1,-6,82,63,31,1023,1021,1017,16,16,14,16,8,0,
02-01-2017,5,2,0,93,81,63,1022,1017,1012,16,8,2,16,11,0.76,Rain
03-01-2017,6,1,-6,93,86,68,1014,1010,1008,16,8,0,32,11,0.25,"Fog , Rain"
04-01-2017,-6,-9,-12,68,55,28,1020,1019,1015,16,16,16,37,25,0,
05-01-2017,-9,-12,-15,61,54,34,1022,1020,1018,16,16,14,32,19,T,Snow
06-01-2017,-12,-14,-17,63,53,32,1033,1028,1022,16,16,16,26,15,0,
07-01-2017,-7,-12,-17,64,51,24,1040,1036,1033,16,16,16,35,17,0,
08-01-2017,-7,-11,-16,61,47,21,1043,1039,1031,16,16,16,29,16,0,
09-01-2017,2,-3,-7,81,63,43,1030,1024,1015,16,14,2,34,19,T,Snow
10-01-2017,11,4,-3,86,73,50,1015,1003,990,16,13,4,64,38,6.1,Rain
11-01-2017,7,2,-3,96,82,62,1017,1009,1004,16,9,0,35,18,10.16,"Fog , Rain , Thunderstorm"
12-01-2017,-1,-3,-6,89,77,38,1035,1020,1010,16,10,2,34,20,2.03,"Rain , Snow"
13-01-2017,-2,-4,-8,75,63,40,1044,1041,1035,16,16,14,34,15,0,
14-01-2017,2,-1,-4,71,61,41,1037,1033,1032,16,16,16,16,8,0,
15-01-2017,2,-2,-6,78,67,36,1033,1030,1027,16,15,11,11,5,0,
16-01-2017,4,2,1,100,90,63,1027,1020,1011,16,5,0,19,10,13.46,"Fog , Rain"
17-01-2017,4,3,1,100,98,90,1017,1011,1007,16,6,0,26,16,10.92,"Fog , Rain , Thunderstorm"
18-01-2017,2,1,0,100,91,75,1022,1020,1018,16,9,2,29,16,T,
19-01-2017,6,3,0,100,91,72,1019,1013,1006,10,5,2,23,11,17.53,Rain
20-01-2017,8,6,3,100,96,85,1005,1004,1003,5,3,2,32,10,4.57,Rain
21-01-2017,16,10,4,100,84,50,1003,1001,998,16,9,0,32,13,T,Fog
22-01-2017,8,6,4,100,86,65,1006,1003,1002,16,8,0,27,11,T,Fog
23-01-2017,6,5,4,86,77,61,1010,1008,1006,16,15,10,35,17,0,
24-01-2017,4,3,2,79,77,67,1013,1011,1008,16,14,10,29,12,T,Rain
25-01-2017,7,4,2,89,83,72,1008,1000,997,16,9,3,37,20,1.27,"Rain , Snow"
26-01-2017,2,1,0,89,75,59,1014,1010,1002,16,13,2,34,20,T,Snow
27-01-2017,0,-2,-4,75,67,48,1014,1013,1010,16,16,11,34,23,T,Snow
28-01-2017,-1,-2,-3,75,69,51,1011,1009,1007,16,15,11,29,20,T,Snow
29-01-2017,-2,-3,-5,69,56,39,1015,1012,1009,16,16,11,32,18,T,Snow
30-01-2017,4,-2,-8,73,54,37,1018,1011,998,16,16,16,29,18,T,
31-01-2017,6,4,2,79,67,43,1014,1008,1000,16,15,10,48,25,0.25,Rain
01-02-2017,4,-1,-5,79,62,38,1026,1019,1014,16,16,14,35,19,T,
02-02-2017,-4,-7,-9,59,48,26,1031,1030,1027,16,16,16,34,20,0,
03-02-2017,-2,-6,-9,64,43,16,1034,1032,1030,16,16,16,29,17,0,
04-02-2017,1,-4,-9,65,44,24,1033,1024,1014,16,16,16,37,21,0,
05-02-2017,5,2,-2,72,54,35,1021,1017,1012,16,16,16,27,15,0,
06-02-2017,13,5,-3,96,79,56,1019,1011,1004,16,9,0,26,12,T,"Fog , Rain"
07-02-2017,12,7,1,97,90,73,1007,998,992,16,5,0,39,19,13.97,"Fog , Rain , Thunderstorm"
08-02-2017,1,-3,-7,72,64,51,1021,1014,1007,16,14,2,35,19,T,Snow
09-02-2017,-4,-7,-10,62,45,22,1029,1027,1021,16,16,16,35,22,T,
10-02-2017,7,-1,-8,76,59,37,1027,1014,1007,16,16,16,47,22,0,
11-02-2017,11,7,3,79,67,47,1014,1012,1008,16,16,14,35,13,0,
12-02-2017,9,5,0,79,54,17,1028,1021,1014,16,16,16,58,26,0,
13-02-2017,7,2,-3,72,51,21,1029,1024,1014,16,16,16,29,16,0,
14-02-2017,11,6,1,70,52,27,1013,1010,1007,16,16,16,37,23,0,
15-02-2017,2,0,-2,50,40,24,1015,1013,1010,16,16,16,34,18,0,
16-02-2017,6,3,-1,59,41,22,1016,1012,1006,16,16,16,24,13,0,
17-02-2017,19,10,0,73,50,23,1007,1005,1004,16,16,16,32,14,0,
18-02-2017,21,14,7,63,45,14,1011,1007,1004,16,16,16,24,10,0,
19-02-2017,19,12,3,81,53,17,1020,1017,1011,16,16,10,16,6,0,
20-02-2017,21,14,8,83,60,32,1021,1017,1013,16,13,5,34,17,0,
21-02-2017,18,15,12,90,76,55,1014,1013,1011,16,14,5,26,11,3.3,Rain
22-02-2017,19,16,11,100,83,59,1010,1007,1003,16,8,0,35,19,0,Fog
23-02-2017,15,9,3,89,78,53,1010,1008,1004,16,14,4,40,20,4.06,Rain
24-02-2017,7,4,1,93,87,72,1004,1000,997,16,8,2,32,15,1.78,"Rain , Snow , Thunderstorm"
25-02-2017,1,-2,-5,79,61,37,1019,1011,1002,16,15,6,39,24,T,Snow
26-02-2017,9,3,-4,72,49,31,1020,1017,1015,16,16,16,45,22,0,
27-02-2017,12,7,1,73,57,29,1023,1020,1017,16,16,16,24,12,0,
28-02-2017,15,12,8,94,84,73,1015,1005,998,16,11,1,39,21,37.85,"Rain , Thunderstorm"
01-03-2017,12,6,0,93,82,59,1019,1004,996,16,11,1,45,21,1.78,"Rain , Snow"
02-03-2017,2,0,-3,72,56,41,1030,1025,1020,16,16,16,35,16,T,Snow
03-03-2017,1,-3,-6,52,38,18,1038,1036,1031,16,16,16,39,15,0,
04-03-2017,6,2,-2,82,67,40,1036,1033,1029,16,14,4,37,21,T,Snow
05-03-2017,16,8,1,77,59,32,1029,1022,1018,16,16,14,40,24,T,
06-03-2017,18,14,11,87,75,60,1018,1011,1002,16,16,8,53,30,T,Rain
07-03-2017,18,12,7,84,56,20,1015,1009,1001,16,15,2,60,30,7.87,"Rain , Thunderstorm"
08-03-2017,11,8,4,47,31,11,1022,1017,1014,16,16,16,69,36,0,
09-03-2017,5,3,1,62,48,27,1023,1022,1021,16,16,16,27,13,0,
10-03-2017,3,-1,-5,41,27,10,1032,1030,1023,16,16,16,35,24,0,
11-03-2017,-1,-4,-8,41,30,14,1035,1034,1032,16,16,16,29,13,0,
12-03-2017,2,-2,-7,85,41,10,1034,1030,1026,16,14,5,29,11,T,Snow
13-03-2017,2,-2,-3,85,78,66,1026,1024,1022,16,6,1,34,19,0.25,Snow
14-03-2017,-2,-4,-7,93,75,38,1029,1026,1023,16,7,0,40,22,1.02,"Fog , Snow"
15-03-2017,1,-4,-8,68,48,21,1031,1029,1028,16,16,16,39,19,0,
16-03-2017,6,-1,-7,68,48,22,1030,1027,1023,16,16,16,23,11,0,
17-03-2017,10,6,2,97,80,53,1022,1017,1014,16,9,2,53,18,0.76,Rain
18-03-2017,7,5,2,76,65,53,1027,1022,1015,16,16,16,35,19,0,
19-03-2017,12,6,-1,85,63,38,1030,1026,1019,16,16,16,35,12,0,
20-03-2017,12,9,5,93,77,54,1020,1017,1015,16,15,10,35,15,10.92,"Rain , Thunderstorm"
21-03-2017,13,7,1,79,58,21,1030,1024,1020,16,16,16,47,22,0,
22-03-2017,2,0,-2,73,56,36,1037,1035,1031,16,16,16,42,20,0,
23-03-2017,11,6,0,75,48,29,1033,1026,1017,16,16,16,32,19,T,Thunderstorm
24-03-2017,28,17,5,89,65,19,1019,1015,1012,16,13,2,48,25,12.19,"Rain , Thunderstorm"
25-03-2017,9,7,4,97,94,85,1019,1016,1014,16,7,2,34,16,11.43,Rain
26-03-2017,17,13,9,100,91,64,1013,1011,1009,16,10,2,32,15,3.81,Rain
27-03-2017,11,8,6,96,90,68,1016,1013,1012,16,10,4,23,13,T,
28-03-2017,8,6,3,93,79,65,1025,1020,1015,16,16,11,35,18,0,
29-03-2017,9,6,2,100,78,47,1025,1023,1016,16,11,2,40,22,5.33,Rain
30-03-2017,8,6,4,100,94,85,1016,1007,1001,13,5,1,47,25,50.8,"Fog , Rain , Thunderstorm"
31-03-2017,5,4,3,100,86,64,1018,1010,1004,16,11,2,39,26,T,Rain
01-04-2017,13,7,1,89,48,13,1024,1023,1020,16,16,16,23,9,0,
02-04-2017,16,11,6,74,49,31,1023,1019,1011,16,16,16,24,12,T,Rain
03-04-2017,11,9,8,97,87,56,1010,999,993,16,8,2,21,13,6.1,Rain
04-04-2017,13,11,8,97,81,48,1014,1005,995,16,13,3,26,14,T,Rain
05-04-2017,9,7,4,97,89,72,1014,1008,1004,16,9,2,58,32,28.19,Rain
06-04-2017,11,7,3,93,69,44,1017,1010,1005,16,13,3,52,30,9.14,Rain
07-04-2017,12,8,3,65,37,14,1020,1019,1017,16,16,16,35,19,0,
08-04-2017,19,12,4,55,40,24,1019,1015,1011,16,16,16,35,20,0,
09-04-2017,25,19,14,53,48,37,1010,1007,1004,16,16,16,45,27,0,
10-04-2017,26,16,6,96,73,42,1015,1010,1005,16,14,2,47,22,13.21,"Rain , Thunderstorm"
11-04-2017,13,9,6,100,78,48,1027,1021,1015,16,10,2,32,13,T,
12-04-2017,14,9,4,83,55,17,1030,1029,1026,16,16,16,29,12,0,
13-04-2017,17,12,7,90,67,40,1029,1026,1024,16,16,10,26,15,4.83,Rain
14-04-2017,21,14,8,94,68,44,1025,1022,1017,16,15,3,37,14,3.81,Rain
15-04-2017,28,23,17,84,55,27,1016,1013,1009,16,16,16,50,28,0,
16-04-2017,23,19,14,96,63,22,1019,1013,1008,16,15,11,40,18,8.64,"Rain , Thunderstorm"
17-04-2017,21,14,7,80,49,19,1022,1021,1019,16,16,16,24,10,0,
18-04-2017,25,16,7,83,51,17,1023,1019,1014,16,16,16,37,17,0,
19-04-2017,21,14,8,87,74,62,1019,1016,1013,16,16,11,32,15,1.52,Rain
20-04-2017,24,17,9,87,68,46,1014,1011,1009,16,16,13,47,23,T,Rain
21-04-2017,11,9,7,66,56,40,1021,1019,1014,16,16,16,37,22,0,
22-04-2017,14,11,7,71,45,16,1023,1022,1021,16,16,16,29,17,0,
23-04-2017,21,12,4,70,40,15,1022,1019,1017,16,16,16,26,9,0,
24-04-2017,22,14,6,86,48,15,1017,1013,1007,16,16,16,29,13,0,
25-04-2017,27,21,14,75,49,26,1007,1003,999,16,16,16,34,18,0,
26-04-2017,25,21,16,93,63,38,1000,997,995,16,15,5,39,20,6.6,Rain
27-04-2017,16,11,6,96,81,58,1012,1000,991,16,14,5,45,24,2.79,Rain
28-04-2017,15,11,6,86,72,59,1016,1013,1011,16,15,10,35,11,0,
29-04-2017,8,7,5,97,86,62,1023,1019,1014,16,9,2,56,35,46.48,"Rain , Thunderstorm"
30-04-2017,11,9,7,100,97,93,1015,1008,1000,14,7,1,35,21,27.94,"Rain , Thunderstorm"
01-05-2017,14,11,7,100,83,54,1000,998,996,16,14,3,42,25,8.38,Rain
02-05-2017,11,8,6,89,73,56,1018,1007,1000,16,15,2,40,24,2.54,Rain
03-05-2017,13,8,3,89,56,24,1023,1021,1019,16,16,16,21,12,0,
04-05-2017,11,9,8,80,66,50,1019,1015,1012,16,16,16,45,23,T,
05-05-2017,14,11,6,86,67,32,1011,1010,1008,16,16,16,52,27,T,
06-05-2017,14,11,7,90,54,20,1014,1010,1007,16,16,13,42,23,1.78,Rain
07-05-2017,14,9,3,62,44,19,1019,1017,1014,16,16,16,35,14,0,
08-05-2017,13,8,4,73,46,18,1023,1020,1017,16,16,16,29,13,0.25,Rain
09-05-2017,16,11,6,86,66,43,1016,1015,1013,16,16,10,19,11,8.13,Rain
10-05-2017,18,14,10,100,73,40,1016,1013,1010,16,12,2,47,14,20.83,"Rain , Thunderstorm"
11-05-2017,17,13,9,97,75,47,1016,1014,1011,16,12,3,27,15,0,
12-05-2017,22,15,8,80,54,29,1015,1014,1013,16,16,14,29,11,0,
13-05-2017,27,18,9,80,50,23,1014,1011,1008,16,16,16,34,12,0,
14-05-2017,22,17,12,75,53,34,1015,1012,1010,16,16,16,34,13,0,
15-05-2017,29,20,11,72,51,28,1015,1013,1009,16,16,16,26,11,0,Thunderstorm
16-05-2017,32,26,19,76,53,23,1013,1008,1004,16,16,16,48,23,0,
17-05-2017,30,24,18,70,52,27,1006,1004,1001,16,16,10,56,32,11.94,
18-05-2017,27,18,10,84,63,40,1018,1008,1002,16,15,2,53,29,0.25,"Rain , Thunderstorm"
19-05-2017,10,8,7,96,80,52,1022,1020,1016,16,14,5,47,28,6.35,Rain
20-05-2017,20,15,10,97,85,66,1021,1016,1012,16,14,2,37,15,8.38,"Rain , Thunderstorm"
21-05-2017,19,15,11,97,76,47,1017,1013,1010,16,14,4,35,22,1.78,Rain
22-05-2017,24,17,9,83,59,21,1017,1015,1012,16,16,16,37,22,0.25,Rain
23-05-2017,18,16,14,93,83,65,1011,1008,1005,16,14,4,29,11,9.14,"Rain , Thunderstorm"
24-05-2017,16,14,11,96,87,71,1004,1001,1000,16,13,3,32,21,8.89,Rain
25-05-2017,21,17,12,89,76,51,1008,1003,1000,16,16,13,27,15,0,
26-05-2017,22,17,11,93,80,56,1011,1010,1008,16,15,6,26,13,6.6,"Rain , Thunderstorm"
27-05-2017,24,19,13,93,73,47,1013,1011,1009,16,16,14,21,10,0,
28-05-2017,25,20,15,87,65,40,1009,1007,1006,16,16,14,29,11,0.25,"Rain , Thunderstorm"
29-05-2017,26,21,16,70,44,17,1011,1009,1007,16,16,16,48,19,0,
30-05-2017,23,18,13,72,49,18,1014,1013,1012,16,16,16,37,18,T,Rain
31-05-2017,23,18,12,72,46,23,1016,1015,1013,16,16,16,34,16,0,
01-06-2017,26,19,13,64,40,18,1019,1017,1016,16,16,16,26,9,0,
02-06-2017,29,22,14,57,33,12,1019,1017,1015,16,16,16,24,10,0,
03-06-2017,30,24,17,56,42,26,1017,1014,1011,16,16,16,29,11,0,
04-06-2017,33,27,21,68,51,29,1011,1008,1005,16,16,16,34,14,0,
05-06-2017,26,21,15,81,62,45,1014,1010,1006,16,16,14,39,20,0,
06-06-2017,24,18,13,77,50,23,1018,1016,1014,16,16,16,35,22,0,
07-06-2017,24,19,14,72,46,18,1020,1019,1017,16,16,16,32,17,0,
08-06-2017,28,21,14,72,40,17,1017,1014,1009,16,16,16,24,7,1.27,
09-06-2017,32,26,19,73,52,31,1009,1008,1007,16,16,16,27,18,0.51,Rain
10-06-2017,33,27,20,73,43,15,1011,1009,1007,16,16,14,48,28,0,
11-06-2017,34,28,22,61,44,20,1013,1012,1010,16,16,16,45,24,0,
12-06-2017,35,29,23,64,48,27,1014,1012,1010,16,16,16,37,20,0,
13-06-2017,32,27,22,76,63,41,1014,1013,1012,16,16,14,32,12,1.27,"Rain , Thunderstorm"
14-06-2017,32,26,20,93,75,50,1013,1011,1008,16,13,1,50,15,26.67,"Fog , Rain , Thunderstorm"
15-06-2017,33,27,21,90,63,28,1011,1009,1008,16,16,16,35,14,T,Thunderstorm
16-06-2017,30,25,19,87,61,36,1011,1008,1004,16,16,16,40,17,2.03,Rain
17-06-2017,31,27,23,87,70,46,1005,1002,1001,16,16,14,35,14,0.76,"Rain , Thunderstorm"
18-06-2017,27,24,21,93,65,38,1007,1003,999,16,16,16,39,23,0,
19-06-2017,26,21,16,80,62,45,1013,1010,1007,16,16,16,52,14,5.84,"Rain , Thunderstorm"
20-06-2017,27,21,15,87,67,34,1014,1013,1012,16,16,16,45,15,0.25,"Rain , Thunderstorm"
21-06-2017,26,20,14,90,63,39,1015,1013,1011,16,16,16,26,11,0,
22-06-2017,32,27,23,79,66,55,1011,1008,1005,16,16,14,40,22,0.51,"Rain , Thunderstorm"
23-06-2017,28,24,19,94,68,19,1010,1005,1002,16,14,1,40,19,15.24,"Rain , Thunderstorm"
24-06-2017,24,21,17,78,53,22,1017,1014,1010,16,16,16,40,19,T,
25-06-2017,23,18,13,75,53,31,1019,1019,1017,16,16,16,35,21,0,
26-06-2017,23,18,13,80,51,20,1020,1018,1016,16,16,16,40,19,0,
27-06-2017,25,19,12,75,48,25,1020,1018,1016,16,16,16,24,11,0,
28-06-2017,28,23,17,79,57,39,1017,1012,1007,16,16,13,42,22,6.1,"Rain , Thunderstorm"
29-06-2017,28,24,20,93,74,49,1010,1009,1006,16,15,6,37,18,5.33,"Rain , Thunderstorm"
30-06-2017,28,24,19,97,78,62,1010,1009,1008,16,14,6,26,11,0.25,"Rain , Thunderstorm"
01-07-2017,28,24,20,84,56,25,1015,1012,1009,16,16,16,35,17,0,
02-07-2017,32,24,17,81,57,31,1017,1015,1014,16,16,16,34,14,T,"Rain , Thunderstorm"
03-07-2017,28,24,21,84,67,49,1017,1016,1015,16,16,16,26,14,0.25,
04-07-2017,29,24,20,81,67,53,1018,1017,1016,16,15,8,23,13,0,
05-07-2017,31,26,22,78,53,32,1019,1017,1016,16,15,8,26,12,0,
06-07-2017,33,28,22,78,55,33,1015,1013,1011,16,16,14,27,11,0,"Rain , Thunderstorm"
07-07-2017,31,26,19,82,64,47,1013,1010,1009,16,16,16,34,16,T,Thunderstorm
08-07-2017,26,22,18,81,54,31,1017,1016,1012,16,16,16,26,13,0,
09-07-2017,31,23,16,71,47,28,1017,1015,1011,16,16,16,27,15,0,
10-07-2017,29,25,20,96,77,60,1012,1009,1007,16,15,8,42,14,9.91,"Rain , Thunderstorm"
11-07-2017,30,26,22,93,76,61,1012,1010,1009,16,15,6,32,10,0.51,"Rain , Thunderstorm"
12-07-2017,27,24,21,93,82,67,1016,1012,1010,16,14,1,39,15,18.54,"Rain , Thunderstorm"
13-07-2017,29,26,23,91,71,43,1016,1014,1011,16,16,16,34,16,0,"Rain , Thunderstorm"
14-07-2017,24,21,18,87,71,45,1020,1019,1016,16,16,11,32,13,0,
15-07-2017,28,22,16,87,65,40,1021,1019,1015,16,16,16,24,11,0,
16-07-2017,27,23,18,78,68,36,1017,1015,1011,16,16,16,52,20,T,Rain
17-07-2017,26,21,14,93,68,34,1017,1016,1016,16,16,16,23,11,0,
18-07-2017,32,25,17,93,55,26,1018,1017,1015,16,15,11,23,7,0,
19-07-2017,32,27,22,87,69,52,1020,1017,1016,16,15,2,53,11,5.08,"Rain , Thunderstorm"
20-07-2017,32,27,21,96,83,57,1020,1015,1013,16,12,1,37,15,27.69,"Fog , Rain , Thunderstorm"
21-07-2017,32,27,23,97,76,42,1015,1013,1010,16,13,1,47,12,30.73,"Fog , Rain , Thunderstorm"
22-07-2017,31,27,22,93,79,50,1011,1009,1004,16,13,3,35,13,12.19,"Rain , Thunderstorm"
23-07-2017,33,27,22,87,68,33,1010,1008,1007,16,16,14,42,11,0.76,"Rain , Thunderstorm"
24-07-2017,24,22,20,81,68,49,1019,1016,1011,16,16,16,32,18,0,
25-07-2017,28,23,19,87,57,29,1022,1021,1019,16,16,16,29,14,0,
26-07-2017,29,25,20,81,67,52,1019,1016,1013,16,16,6,21,12,1.78,Rain
27-07-2017,28,25,22,97,77,56,1013,1012,1011,16,12,3,35,18,T,Rain
28-07-2017,26,24,21,87,66,44,1016,1014,1012,16,16,16,35,23,0,
29-07-2017,26,22,18,76,52,33,1020,1019,1016,16,16,16,34,19,0,
30-07-2017,29,23,18,87,61,33,1022,1021,1020,16,16,16,21,7,0,
31-07-2017,30,25,20,76,56,34,1022,1021,1019,16,16,16,23,6,0,
01-08-2017,30,26,22,76,60,41,1019,1017,1015,16,16,16,29,9,T,"Rain , Thunderstorm"
02-08-2017,31,26,20,90,69,38,1017,1015,1014,16,15,11,26,11,T,"Rain , Thunderstorm"
03-08-2017,30,24,17,93,76,49,1016,1012,1008,16,14,2,47,16,16.51,"Rain , Thunderstorm"
04-08-2017,20,17,13,87,72,54,1015,1012,1009,16,16,16,39,22,0.25,
05-08-2017,26,21,15,83,61,36,1017,1016,1015,16,16,16,27,12,0,
06-08-2017,25,22,19,76,59,36,1016,1016,1015,16,16,16,26,10,0,
07-08-2017,25,21,16,87,63,38,1020,1017,1015,16,16,16,29,13,T,Rain
08-08-2017,29,22,15,72,50,30,1022,1021,1020,16,16,16,21,8,0,
09-08-2017,28,23,18,78,53,28,1022,1021,1019,16,16,16,23,7,0,
10-08-2017,29,24,18,73,57,38,1019,1016,1014,16,16,16,32,15,0,
11-08-2017,27,23,19,84,63,40,1015,1014,1013,16,16,16,27,16,0,
12-08-2017,24,21,16,87,65,38,1018,1017,1015,16,16,16,29,13,0,
13-08-2017,25,20,15,86,61,41,1018,1016,1014,16,16,16,24,6,0,
14-08-2017,29,24,18,75,58,37,1014,1011,1008,16,16,16,24,10,0,
15-08-2017,29,24,20,90,71,53,1015,1012,1009,16,16,11,26,13,0,
16-08-2017,33,27,21,88,70,38,1015,1013,1009,16,16,8,21,12,2.79,Rain
17-08-2017,29,26,23,93,73,45,1009,1007,1005,16,15,4,42,23,4.32,Rain
18-08-2017,28,24,19,87,64,37,1012,1010,1007,16,16,16,32,17,0,
19-08-2017,28,23,18,84,57,30,1015,1013,1011,16,16,16,23,10,0,
20-08-2017,32,26,19,76,61,48,1017,1015,1015,16,16,16,26,11,1.52,Rain
21-08-2017,31,27,22,94,77,46,1018,1015,1012,16,15,1,47,14,17.53,"Rain , Thunderstorm"
22-08-2017,27,23,18,94,71,30,1015,1012,1009,16,16,13,35,20,1.27,Rain
23-08-2017,26,21,16,72,55,28,1016,1016,1015,16,16,16,32,13,0,
24-08-2017,24,20,15,84,62,38,1021,1019,1016,16,16,16,37,16,0,
25-08-2017,23,17,12,80,57,28,1024,1023,1021,16,16,16,23,9,0,
26-08-2017,26,21,15,72,55,34,1025,1023,1022,16,16,16,23,11,T,Rain
27-08-2017,26,22,18,90,59,40,1021,1019,1016,16,16,13,23,12,3.05,Rain
28-08-2017,26,22,19,90,72,56,1016,1016,1014,16,16,13,23,7,1.02,"Rain , Thunderstorm"
29-08-2017,24,21,17,93,77,58,1017,1016,1015,16,14,8,24,7,T,Rain
30-08-2017,27,22,16,93,68,42,1019,1017,1016,16,15,10,29,9,0,
31-08-2017,23,21,19,84,69,47,1021,1020,1017,16,16,13,35,24,0,
01-09-2017,21,18,14,70,54,34,1022,1021,1019,16,16,16,34,21,0,
02-09-2017,23,17,10,87,62,35,1019,1016,1013,16,15,2,40,7,6.6,Rain
03-09-2017,29,22,14,97,61,22,1016,1014,1012,16,16,16,27,11,0,
04-09-2017,29,24,18,90,61,48,1012,1008,1005,16,16,11,40,20,T,Rain
05-09-2017,22,18,13,77,58,31,1014,1012,1008,16,16,14,42,20,0,
06-09-2017,19,15,10,89,62,35,1017,1015,1014,16,16,16,26,14,T,
07-09-2017,21,17,12,80,57,36,1018,1017,1016,16,16,16,32,13,T,Rain
08-09-2017,22,19,15,73,59,37,1026,1023,1018,16,16,16,27,11,T,Rain
09-09-2017,22,18,14,77,55,34,1030,1028,1026,16,16,16,26,16,0,
10-09-2017,21,17,12,70,56,36,1031,1029,1027,16,16,16,24,13,0,
11-09-2017,23,18,13,77,59,31,1027,1023,1019,16,16,16,21,9,0,
12-09-2017,25,20,14,90,64,27,1019,1014,1010,16,16,14,27,14,0,
13-09-2017,24,21,18,90,80,64,1009,1008,1007,16,14,8,21,9,1.78,Rain
14-09-2017,27,21,15,100,82,46,1013,1012,1009,16,10,0,19,8,0,Fog
15-09-2017,31,24,18,87,60,29,1016,1015,1013,16,16,16,26,14,0,
16-09-2017,31,26,19,87,58,29,1019,1017,1015,16,16,16,27,14,0,
17-09-2017,31,25,19,78,61,33,1019,1016,1015,16,16,16,24,14,0,
18-09-2017,24,20,15,81,64,39,1019,1017,1014,16,16,16,23,13,0,
19-09-2017,26,22,19,100,84,56,1015,1013,1012,16,11,3,23,9,5.84,Rain
20-09-2017,33,26,19,93,65,34,1013,1011,1010,16,15,11,35,15,0,
21-09-2017,35,29,23,82,59,30,1015,1014,1013,16,16,16,23,10,0,
22-09-2017,35,29,24,76,54,29,1017,1016,1015,16,16,16,24,11,0,
23-09-2017,35,29,24,74,56,33,1018,1016,1015,16,16,16,24,9,0,
24-09-2017,33,28,23,73,52,23,1018,1016,1014,16,16,16,24,10,0,
25-09-2017,33,28,22,61,44,22,1015,1014,1012,16,16,16,27,11,0,
26-09-2017,34,28,22,69,50,26,1014,1012,1011,16,16,16,32,16,0,
27-09-2017,23,19,14,76,56,34,1021,1018,1014,16,16,16,32,19,0,
28-09-2017,23,18,12,69,51,23,1023,1021,1019,16,16,16,21,12,0,
29-09-2017,21,18,16,67,51,30,1026,1022,1018,16,16,16,34,20,T,
30-09-2017,19,17,14,67,53,35,1031,1028,1027,16,16,16,29,15,0,
01-10-2017,22,17,11,62,44,20,1026,1023,1019,16,16,16,26,16,0,
02-10-2017,28,23,17,63,44,24,1022,1021,1019,16,16,16,34,18,0,
03-10-2017,26,23,19,93,74,55,1025,1024,1021,16,15,3,29,20,3.05,Rain
04-10-2017,22,19,17,93,77,49,1026,1024,1023,16,15,5,27,14,1.52,Rain
05-10-2017,24,19,13,84,61,37,1023,1020,1017,16,15,4,19,9,0.25,Rain
06-10-2017,22,19,17,97,91,83,1017,1014,1008,16,6,2,23,12,7.37,Rain
07-10-2017,27,22,16,94,75,52,1007,1002,999,16,14,2,60,27,11.68,Rain
08-10-2017,27,20,13,93,63,32,1010,1008,1006,16,16,16,27,11,0,
09-10-2017,28,21,13,87,65,26,1017,1012,1007,16,16,16,26,9,0,
10-10-2017,23,19,15,97,82,64,1021,1018,1014,16,11,2,37,25,25.15,Rain
11-10-2017,17,16,14,97,90,81,1021,1017,1012,16,7,2,42,23,19.56,Rain
12-10-2017,16,15,14,93,84,74,1022,1021,1019,16,15,11,19,10,0,
13-10-2017,23,18,12,97,79,45,1022,1020,1017,16,14,6,23,11,0,
14-10-2017,20,18,17,100,95,65,1020,1015,1009,16,5,1,66,12,21.08,"Fog , Rain , Thunderstorm"
15-10-2017,20,14,9,97,80,49,1025,1013,1004,16,15,4,47,23,7.87,Rain
16-10-2017,17,12,6,89,62,28,1027,1025,1023,16,16,16,26,12,0,
17-10-2017,22,16,9,69,51,24,1023,1022,1020,16,16,16,39,20,0,
18-10-2017,22,16,10,71,50,23,1022,1019,1016,16,16,16,37,20,0,
19-10-2017,21,16,12,80,45,10,1022,1020,1017,16,16,16,24,11,0,
20-10-2017,27,19,12,77,51,24,1022,1020,1017,16,16,14,27,16,0,
21-10-2017,26,21,17,65,57,40,1018,1016,1015,16,16,16,40,22,0,
22-10-2017,22,17,11,100,83,59,1017,1015,1012,16,11,3,45,22,14.48,Rain
23-10-2017,12,11,10,100,92,78,1014,1008,1002,16,13,4,32,16,25.65,Rain
24-10-2017,10,8,6,97,89,68,1009,1004,1000,16,12,8,34,20,13.97,Rain
25-10-2017,12,8,3,82,64,34,1011,1009,1008,16,16,16,26,10,0,
26-10-2017,16,10,4,86,63,36,1012,1008,1002,16,16,16,34,15,0,
27-10-2017,12,8,3,74,66,48,1012,1009,1002,16,16,16,40,26,T,
28-10-2017,4,3,2,93,76,53,1014,1011,1009,16,15,6,34,17,0.25,Rain
29-10-2017,8,4,1,79,58,35,1014,1011,1007,16,16,16,32,13,0,
30-10-2017,11,7,3,80,60,41,1014,1007,1003,16,16,16,48,25,0,
31-10-2017,5,3,2,60,53,39,1023,1020,1015,16,16,16,40,18,T,Snow
01-11-2017,7,5,3,100,80,56,1020,1014,1010,16,11,2,26,13,8.38,Rain
02-11-2017,11,9,7,100,95,86,1019,1014,1010,14,6,2,24,9,2.03,Rain
03-11-2017,10,7,4,86,72,53,1029,1025,1020,16,15,11,29,20,0,
04-11-2017,11,8,6,100,93,65,1024,1015,1011,16,6,1,35,12,11.18,"Fog , Rain , Thunderstorm"
05-11-2017,12,9,7,100,92,66,1015,1009,1007,16,7,0,34,11,0.25,"Fog , Rain"
06-11-2017,7,4,1,76,68,54,1026,1024,1018,16,16,16,29,18,0,
07-11-2017,9,5,1,79,68,49,1028,1027,1025,16,16,14,35,18,0,
08-11-2017,8,3,-2,88,65,42,1029,1026,1023,16,16,16,21,8,0,
09-11-2017,8,2,-6,76,53,26,1032,1024,1019,16,16,16,37,21,0,
10-11-2017,-1,-3,-7,81,58,35,1038,1036,1032,16,15,8,29,13,T,Snow
11-11-2017,4,1,-3,66,57,41,1034,1029,1026,16,16,16,24,13,0,
12-11-2017,5,4,3,97,84,60,1031,1028,1025,16,13,6,16,7,2.54,Rain
13-11-2017,6,3,0,96,84,68,1034,1032,1029,14,10,5,16,9,0,
14-11-2017,10,6,1,96,73,50,1029,1024,1017,16,12,4,27,16,0,
15-11-2017,11,6,1,100,83,56,1017,1011,1007,16,11,2,48,24,5.84,Rain
16-11-2017,4,2,0,79,70,60,1026,1023,1017,16,16,16,32,13,0,
17-11-2017,9,6,2,100,83,58,1024,1011,1002,16,10,2,32,20,13.21,"Rain , Thunderstorm"
18-11-2017,9,6,2,100,89,57,1012,1001,997,16,8,2,47,24,14.73,"Rain , Snow"
19-11-2017,3,1,-1,69,60,34,1020,1017,1012,16,16,16,35,20,0,
20-11-2017,12,6,-1,70,57,33,1018,1012,1006,16,16,16,45,26,0,
21-11-2017,7,3,-2,79,58,37,1024,1013,1005,16,16,16,39,22,1.02,Rain
22-11-2017,2,-2,-5,74,55,30,1030,1027,1023,16,16,16,26,13,0,
23-11-2017,9,4,0,76,55,31,1022,1016,1013,16,16,16,26,14,0,
24-11-2017,17,9,1,76,59,32,1012,1004,998,16,16,16,39,21,0,
25-11-2017,13,8,2,82,59,32,1023,1014,1004,16,16,16,35,18,0,
26-11-2017,9,4,-2,79,59,35,1025,1022,1019,16,16,16,29,12,0,
27-11-2017,14,8,2,83,60,37,1019,1016,1011,16,16,16,35,13,0,
28-11-2017,17,12,8,62,46,31,1023,1015,1012,16,16,16,37,23,T,Rain
29-11-2017,9,6,2,80,56,33,1029,1025,1019,16,16,16,24,11,0,
30-11-2017,13,8,4,62,46,33,1023,1019,1015,16,16,16,35,17,0,
01-12-2017,12,6,-1,80,56,25,1026,1024,1022,16,16,16,16,8,0,
02-12-2017,12,7,2,73,57,29,1022,1021,1019,16,16,14,16,8,0,
03-12-2017,14,7,-1,89,58,23,1024,1021,1015,16,16,16,32,10,0,
04-12-2017,18,13,8,78,58,41,1015,1006,999,16,16,13,58,35,0.25,Rain
05-12-2017,8,3,-2,71,52,26,1017,1012,1003,16,16,16,63,37,0,
06-12-2017,2,-1,-3,67,48,26,1020,1017,1015,16,16,16,42,24,T,Snow
07-12-2017,-2,-4,-7,78,63,32,1024,1021,1019,16,14,2,32,20,T,Snow
08-12-2017,3,-2,-8,62,48,23,1021,1015,1009,16,16,13,34,20,T,Snow
09-12-2017,0,-3,-7,92,73,50,1020,1011,1004,16,12,2,40,21,0.25,Snow
10-12-2017,2,-2,-7,74,65,51,1020,1017,1013,16,16,16,32,17,0,
11-12-2017,4,1,-3,100,76,48,1020,1011,1006,16,12,1,47,15,0.76,Snow
12-12-2017,0,-4,-8,69,57,38,1021,1018,1014,16,16,16,48,23,T,Snow
13-12-2017,3,-1,-6,89,63,37,1014,1002,991,16,15,3,52,25,T,"Rain , Snow"
14-12-2017,-1,-4,-8,78,63,34,1021,1018,1011,16,16,13,35,14,T,Snow
15-12-2017,3,-1,-6,75,61,46,1017,1015,1013,16,16,14,39,19,T,Snow
16-12-2017,9,5,1,89,60,31,1019,1014,1011,16,16,16,29,11,0,
17-12-2017,8,4,0,93,77,41,1019,1017,1016,16,15,11,19,6,0,
18-12-2017,7,6,5,97,87,65,1015,1013,1012,16,11,2,35,20,0.51,Rain
19-12-2017,11,7,3,86,60,22,1020,1015,1011,16,15,11,29,19,0,
20-12-2017,3,1,-1,75,59,34,1022,1021,1020,16,16,16,24,14,0,
21-12-2017,5,3,1,76,62,45,1020,1016,1013,16,16,13,24,15,0,
22-12-2017,5,3,2,86,78,67,1018,1016,1013,14,9,4,26,13,T,
23-12-2017,2,-2,-6,73,61,42,1026,1021,1016,16,15,10,27,16,0,
24-12-2017,-4,-6,-7,92,78,38,1026,1021,1016,16,7,1,29,16,2.03,"Fog , Snow"
25-12-2017,-6,-11,-16,84,64,41,1034,1026,1021,16,15,4,37,24,T,Snow
26-12-2017,-14,-16,-18,66,58,34,1041,1038,1034,16,16,16,26,17,0,
27-12-2017,-13,-16,-19,72,60,32,1044,1043,1041,16,16,16,24,13,0,
28-12-2017,-10,-13,-17,84,71,46,1042,1035,1028,16,9,2,26,11,T,Snow
29-12-2017,-9,-11,-12,84,79,67,1031,1028,1022,16,6,1,24,12,0.51,Snow
30-12-2017,-9,-13,-18,80,63,39,1034,1029,1023,16,14,6,39,20,T,Snow
31-12-2017,-9,-13,-18,72,59,33,1040,1036,1033,16,16,16,29,16,0,
